src_id,rel_type,dst_id,lane_capacity,lead_time_days,mode,is_backup
PROD_001,REQUIRES,ING_073,,,,0
PROD_001,REQUIRES,ING_105,,,,0
PROD_001,REQUIRES,ING_057,,,,0
PROD_001,REQUIRES,ING_031,,,,0
PROD_002,REQUIRES,ING_105,,,,0
PROD_002,REQUIRES,ING_131,,,,0
PROD_002,REQUIRES,ING_051,,,,0
PROD_002,REQUIRES,ING_065,,,,0
PROD_002,REQUIRES,ING_048,,,,0
PROD_002,REQUIRES,ING_040,,,,0
PROD_002,REQUIRES,ING_007,,,,0
PROD_002,REQUIRES,ING_132,,,,0
PROD_002,REQUIRES,ING_022,,,,0
PROD_003,REQUIRES,ING_113,,,,0
PROD_003,REQUIRES,ING_045,,,,0
PROD_003,REQUIRES,ING_105,,,,0
PROD_003,REQUIRES,ING_082,,,,0
PROD_004,REQUIRES,ING_054,,,,0
PROD_004,REQUIRES,ING_086,,,,0
PROD_004,REQUIRES,ING_094,,,,0
PROD_004,REQUIRES,ING_048,,,,0
PROD_004,REQUIRES,ING_101,,,,0
PROD_004,REQUIRES,ING_132,,,,0
PROD_005,REQUIRES,ING_045,,,,0
PROD_005,REQUIRES,ING_065,,,,0
PROD_005,REQUIRES,ING_005,,,,0
PROD_005,REQUIRES,ING_101,,,,0
PROD_005,REQUIRES,ING_139,,,,0
PROD_005,REQUIRES,ING_070,,,,0
PROD_006,REQUIRES,ING_027,,,,0
PROD_006,REQUIRES,ING_126,,,,0
PROD_006,REQUIRES,ING_006,,,,0
PROD_006,REQUIRES,ING_096,,,,0
PROD_006,REQUIRES,ING_001,,,,0
PROD_007,REQUIRES,ING_057,,,,0
PROD_007,REQUIRES,ING_039,,,,0
PROD_007,REQUIRES,ING_073,,,,0
PROD_007,REQUIRES,ING_058,,,,0
PROD_007,REQUIRES,ING_112,,,,0
PROD_008,REQUIRES,ING_048,,,,0
PROD_008,REQUIRES,ING_098,,,,0
PROD_008,REQUIRES,ING_019,,,,0
PROD_008,REQUIRES,ING_057,,,,0
PROD_008,REQUIRES,ING_131,,,,0
PROD_008,REQUIRES,ING_022,,,,0
PROD_008,REQUIRES,ING_001,,,,0
PROD_009,REQUIRES,ING_036,,,,0
PROD_009,REQUIRES,ING_042,,,,0
PROD_009,REQUIRES,ING_073,,,,0
PROD_009,REQUIRES,ING_101,,,,0
PROD_010,REQUIRES,ING_051,,,,0
PROD_010,REQUIRES,ING_133,,,,0
PROD_010,REQUIRES,ING_058,,,,0
PROD_010,REQUIRES,ING_032,,,,0
PROD_011,REQUIRES,ING_011,,,,0
PROD_011,REQUIRES,ING_091,,,,0
PROD_011,REQUIRES,ING_012,,,,0
PROD_011,REQUIRES,ING_074,,,,0
PROD_011,REQUIRES,ING_037,,,,0
PROD_011,REQUIRES,ING_007,,,,0
PROD_011,REQUIRES,ING_103,,,,0
PROD_011,REQUIRES,ING_132,,,,0
PROD_012,REQUIRES,ING_054,,,,0
PROD_012,REQUIRES,ING_050,,,,0
PROD_012,REQUIRES,ING_073,,,,0
PROD_012,REQUIRES,ING_096,,,,0
PROD_013,REQUIRES,ING_012,,,,0
PROD_013,REQUIRES,ING_132,,,,0
PROD_013,REQUIRES,ING_036,,,,0
PROD_013,REQUIRES,ING_009,,,,0
PROD_014,REQUIRES,ING_126,,,,0
PROD_014,REQUIRES,ING_132,,,,0
PROD_014,REQUIRES,ING_023,,,,0
PROD_014,REQUIRES,ING_128,,,,0
PROD_015,REQUIRES,ING_012,,,,0
PROD_015,REQUIRES,ING_096,,,,0
PROD_015,REQUIRES,ING_037,,,,0
PROD_015,REQUIRES,ING_086,,,,0
PROD_015,REQUIRES,ING_036,,,,0
PROD_015,REQUIRES,ING_117,,,,0
PROD_015,REQUIRES,ING_069,,,,0
PROD_015,REQUIRES,ING_082,,,,0
PROD_016,REQUIRES,ING_011,,,,0
PROD_016,REQUIRES,ING_107,,,,0
PROD_016,REQUIRES,ING_048,,,,0
PROD_016,REQUIRES,ING_133,,,,0
PROD_016,REQUIRES,ING_033,,,,0
PROD_017,REQUIRES,ING_096,,,,0
PROD_017,REQUIRES,ING_131,,,,0
PROD_017,REQUIRES,ING_122,,,,0
PROD_017,REQUIRES,ING_139,,,,0
PROD_017,REQUIRES,ING_074,,,,0
PROD_017,REQUIRES,ING_129,,,,0
PROD_017,REQUIRES,ING_011,,,,0
PROD_017,REQUIRES,ING_127,,,,0
PROD_017,REQUIRES,ING_039,,,,0
PROD_018,REQUIRES,ING_129,,,,0
PROD_018,REQUIRES,ING_051,,,,0
PROD_018,REQUIRES,ING_132,,,,0
PROD_019,REQUIRES,ING_117,,,,0
PROD_019,REQUIRES,ING_122,,,,0
PROD_019,REQUIRES,ING_129,,,,0
PROD_019,REQUIRES,ING_041,,,,0
PROD_019,REQUIRES,ING_045,,,,0
PROD_020,REQUIRES,ING_033,,,,0
PROD_020,REQUIRES,ING_122,,,,0
PROD_020,REQUIRES,ING_012,,,,0
PROD_020,REQUIRES,ING_041,,,,0
PROD_020,REQUIRES,ING_042,,,,0
PROD_020,REQUIRES,ING_131,,,,0
PROD_020,REQUIRES,ING_037,,,,0
PROD_020,REQUIRES,ING_036,,,,0
PROD_020,REQUIRES,ING_010,,,,0
PROD_020,REQUIRES,ING_121,,,,0
PROD_020,REQUIRES,ING_129,,,,0
PROD_021,REQUIRES,ING_083,,,,0
PROD_021,REQUIRES,ING_105,,,,0
PROD_021,REQUIRES,ING_008,,,,0
PROD_021,REQUIRES,ING_084,,,,0
PROD_022,REQUIRES,ING_084,,,,0
PROD_022,REQUIRES,ING_132,,,,0
PROD_022,REQUIRES,ING_101,,,,0
PROD_022,REQUIRES,ING_103,,,,0
PROD_022,REQUIRES,ING_039,,,,0
PROD_022,REQUIRES,ING_136,,,,0
PROD_022,REQUIRES,ING_094,,,,0
PROD_022,REQUIRES,ING_122,,,,0
PROD_022,REQUIRES,ING_050,,,,0
PROD_022,REQUIRES,ING_031,,,,0
PROD_022,REQUIRES,ING_085,,,,0
PROD_022,REQUIRES,ING_071,,,,0
PROD_023,REQUIRES,ING_117,,,,0
PROD_023,REQUIRES,ING_110,,,,0
PROD_023,REQUIRES,ING_019,,,,0
PROD_024,REQUIRES,ING_103,,,,0
PROD_024,REQUIRES,ING_101,,,,0
PROD_024,REQUIRES,ING_042,,,,0
PROD_024,REQUIRES,ING_012,,,,0
PROD_024,REQUIRES,ING_039,,,,0
PROD_024,REQUIRES,ING_082,,,,0
PROD_024,REQUIRES,ING_011,,,,0
PROD_024,REQUIRES,ING_117,,,,0
PROD_025,REQUIRES,ING_117,,,,0
PROD_025,REQUIRES,ING_109,,,,0
PROD_025,REQUIRES,ING_037,,,,0
PROD_025,REQUIRES,ING_010,,,,0
PROD_025,REQUIRES,ING_101,,,,0
PROD_025,REQUIRES,ING_039,,,,0
PROD_025,REQUIRES,ING_066,,,,0
PROD_025,REQUIRES,ING_120,,,,0
PROD_026,REQUIRES,ING_036,,,,0
PROD_026,REQUIRES,ING_129,,,,0
PROD_026,REQUIRES,ING_098,,,,0
PROD_026,REQUIRES,ING_069,,,,0
PROD_026,REQUIRES,ING_005,,,,0
PROD_027,REQUIRES,ING_036,,,,0
PROD_027,REQUIRES,ING_051,,,,0
PROD_027,REQUIRES,ING_093,,,,0
PROD_027,REQUIRES,ING_115,,,,0
PROD_027,REQUIRES,ING_046,,,,0
PROD_027,REQUIRES,ING_103,,,,0
PROD_027,REQUIRES,ING_003,,,,0
PROD_028,REQUIRES,ING_117,,,,0
PROD_028,REQUIRES,ING_036,,,,0
PROD_028,REQUIRES,ING_094,,,,0
PROD_028,REQUIRES,ING_133,,,,0
PROD_028,REQUIRES,ING_019,,,,0
PROD_029,REQUIRES,ING_035,,,,0
PROD_029,REQUIRES,ING_042,,,,0
PROD_029,REQUIRES,ING_019,,,,0
PROD_030,REQUIRES,ING_042,,,,0
PROD_030,REQUIRES,ING_093,,,,0
PROD_030,REQUIRES,ING_012,,,,0
PROD_030,REQUIRES,ING_106,,,,0
PROD_030,REQUIRES,ING_048,,,,0
PROD_031,REQUIRES,ING_122,,,,0
PROD_031,REQUIRES,ING_067,,,,0
PROD_031,REQUIRES,ING_130,,,,0
PROD_031,REQUIRES,ING_079,,,,0
PROD_031,REQUIRES,ING_129,,,,0
PROD_031,REQUIRES,ING_007,,,,0
PROD_032,REQUIRES,ING_010,,,,0
PROD_032,REQUIRES,ING_118,,,,0
PROD_032,REQUIRES,ING_078,,,,0
PROD_032,REQUIRES,ING_047,,,,0
PROD_032,REQUIRES,ING_012,,,,0
PROD_032,REQUIRES,ING_082,,,,0
PROD_033,REQUIRES,ING_018,,,,0
PROD_033,REQUIRES,ING_131,,,,0
PROD_033,REQUIRES,ING_012,,,,0
PROD_033,REQUIRES,ING_086,,,,0
PROD_033,REQUIRES,ING_125,,,,0
PROD_033,REQUIRES,ING_090,,,,0
PROD_033,REQUIRES,ING_135,,,,0
PROD_033,REQUIRES,ING_047,,,,0
PROD_033,REQUIRES,ING_103,,,,0
PROD_033,REQUIRES,ING_110,,,,0
PROD_034,REQUIRES,ING_129,,,,0
PROD_034,REQUIRES,ING_101,,,,0
PROD_034,REQUIRES,ING_120,,,,0
PROD_035,REQUIRES,ING_037,,,,0
PROD_035,REQUIRES,ING_011,,,,0
PROD_035,REQUIRES,ING_050,,,,0
PROD_035,REQUIRES,ING_082,,,,0
PROD_035,REQUIRES,ING_094,,,,0
PROD_035,REQUIRES,ING_051,,,,0
PROD_035,REQUIRES,ING_086,,,,0
PROD_035,REQUIRES,ING_122,,,,0
PROD_035,REQUIRES,ING_042,,,,0
PROD_035,REQUIRES,ING_069,,,,0
PROD_035,REQUIRES,ING_092,,,,0
PROD_035,REQUIRES,ING_002,,,,0
PROD_035,REQUIRES,ING_117,,,,0
PROD_035,REQUIRES,ING_110,,,,0
PROD_036,REQUIRES,ING_103,,,,0
PROD_036,REQUIRES,ING_012,,,,0
PROD_036,REQUIRES,ING_131,,,,0
PROD_036,REQUIRES,ING_047,,,,0
PROD_037,REQUIRES,ING_013,,,,0
PROD_037,REQUIRES,ING_135,,,,0
PROD_037,REQUIRES,ING_117,,,,0
PROD_037,REQUIRES,ING_101,,,,0
PROD_037,REQUIRES,ING_095,,,,0
PROD_037,REQUIRES,ING_086,,,,0
PROD_037,REQUIRES,ING_122,,,,0
PROD_037,REQUIRES,ING_133,,,,0
PROD_038,REQUIRES,ING_055,,,,0
PROD_038,REQUIRES,ING_132,,,,0
PROD_038,REQUIRES,ING_129,,,,0
PROD_038,REQUIRES,ING_010,,,,0
PROD_038,REQUIRES,ING_101,,,,0
PROD_038,REQUIRES,ING_051,,,,0
PROD_038,REQUIRES,ING_064,,,,0
PROD_038,REQUIRES,ING_131,,,,0
PROD_038,REQUIRES,ING_139,,,,0
PROD_038,REQUIRES,ING_117,,,,0
PROD_038,REQUIRES,ING_057,,,,0
PROD_039,REQUIRES,ING_103,,,,0
PROD_039,REQUIRES,ING_051,,,,0
PROD_039,REQUIRES,ING_063,,,,0
PROD_040,REQUIRES,ING_061,,,,0
PROD_040,REQUIRES,ING_013,,,,0
PROD_040,REQUIRES,ING_006,,,,0
PROD_040,REQUIRES,ING_103,,,,0
PROD_040,REQUIRES,ING_089,,,,0
PROD_040,REQUIRES,ING_094,,,,0
PROD_040,REQUIRES,ING_034,,,,0
PROD_040,REQUIRES,ING_007,,,,0
PROD_040,REQUIRES,ING_078,,,,0
PROD_040,REQUIRES,ING_122,,,,0
PROD_040,REQUIRES,ING_064,,,,0
PROD_040,REQUIRES,ING_010,,,,0
PROD_041,REQUIRES,ING_076,,,,0
PROD_041,REQUIRES,ING_129,,,,0
PROD_041,REQUIRES,ING_043,,,,0
PROD_041,REQUIRES,ING_020,,,,0
PROD_041,REQUIRES,ING_011,,,,0
PROD_041,REQUIRES,ING_010,,,,0
PROD_041,REQUIRES,ING_075,,,,0
PROD_042,REQUIRES,ING_129,,,,0
PROD_042,REQUIRES,ING_034,,,,0
PROD_042,REQUIRES,ING_078,,,,0
PROD_042,REQUIRES,ING_111,,,,0
PROD_043,REQUIRES,ING_094,,,,0
PROD_043,REQUIRES,ING_124,,,,0
PROD_043,REQUIRES,ING_086,,,,0
PROD_043,REQUIRES,ING_140,,,,0
PROD_044,REQUIRES,ING_009,,,,0
PROD_044,REQUIRES,ING_012,,,,0
PROD_044,REQUIRES,ING_036,,,,0
PROD_044,REQUIRES,ING_032,,,,0
PROD_044,REQUIRES,ING_131,,,,0
PROD_045,REQUIRES,ING_083,,,,0
PROD_045,REQUIRES,ING_122,,,,0
PROD_045,REQUIRES,ING_070,,,,0
PROD_045,REQUIRES,ING_031,,,,0
PROD_045,REQUIRES,ING_075,,,,0
PROD_046,REQUIRES,ING_010,,,,0
PROD_046,REQUIRES,ING_036,,,,0
PROD_046,REQUIRES,ING_012,,,,0
PROD_046,REQUIRES,ING_094,,,,0
PROD_046,REQUIRES,ING_136,,,,0
PROD_046,REQUIRES,ING_117,,,,0
PROD_046,REQUIRES,ING_131,,,,0
PROD_047,REQUIRES,ING_116,,,,0
PROD_047,REQUIRES,ING_125,,,,0
PROD_047,REQUIRES,ING_088,,,,0
PROD_047,REQUIRES,ING_003,,,,0
PROD_047,REQUIRES,ING_072,,,,0
PROD_047,REQUIRES,ING_082,,,,0
PROD_047,REQUIRES,ING_006,,,,0
PROD_047,REQUIRES,ING_058,,,,0
PROD_047,REQUIRES,ING_098,,,,0
PROD_048,REQUIRES,ING_084,,,,0
PROD_048,REQUIRES,ING_081,,,,0
PROD_048,REQUIRES,ING_117,,,,0
PROD_048,REQUIRES,ING_132,,,,0
PROD_048,REQUIRES,ING_001,,,,0
PROD_048,REQUIRES,ING_103,,,,0
PROD_048,REQUIRES,ING_100,,,,0
PROD_048,REQUIRES,ING_037,,,,0
PROD_048,REQUIRES,ING_114,,,,0
PROD_048,REQUIRES,ING_086,,,,0
PROD_048,REQUIRES,ING_045,,,,0
PROD_048,REQUIRES,ING_003,,,,0
PROD_048,REQUIRES,ING_082,,,,0
PROD_049,REQUIRES,ING_003,,,,0
PROD_049,REQUIRES,ING_020,,,,0
PROD_049,REQUIRES,ING_077,,,,0
PROD_050,REQUIRES,ING_094,,,,0
PROD_050,REQUIRES,ING_070,,,,0
PROD_050,REQUIRES,ING_084,,,,0
PROD_050,REQUIRES,ING_012,,,,0
PROD_050,REQUIRES,ING_068,,,,0
PROD_050,REQUIRES,ING_018,,,,0
PROD_051,REQUIRES,ING_019,,,,0
PROD_051,REQUIRES,ING_086,,,,0
PROD_051,REQUIRES,ING_047,,,,0
PROD_052,REQUIRES,ING_010,,,,0
PROD_052,REQUIRES,ING_132,,,,0
PROD_052,REQUIRES,ING_084,,,,0
PROD_052,REQUIRES,ING_131,,,,0
PROD_053,REQUIRES,ING_116,,,,0
PROD_053,REQUIRES,ING_092,,,,0
PROD_053,REQUIRES,ING_035,,,,0
PROD_053,REQUIRES,ING_084,,,,0
PROD_053,REQUIRES,ING_010,,,,0
PROD_054,REQUIRES,ING_126,,,,0
PROD_054,REQUIRES,ING_051,,,,0
PROD_054,REQUIRES,ING_095,,,,0
PROD_054,REQUIRES,ING_079,,,,0
PROD_054,REQUIRES,ING_122,,,,0
PROD_054,REQUIRES,ING_037,,,,0
PROD_054,REQUIRES,ING_086,,,,0
PROD_054,REQUIRES,ING_075,,,,0
PROD_054,REQUIRES,ING_036,,,,0
PROD_054,REQUIRES,ING_011,,,,0
PROD_054,REQUIRES,ING_039,,,,0
PROD_054,REQUIRES,ING_015,,,,0
PROD_054,REQUIRES,ING_023,,,,0
PROD_055,REQUIRES,ING_129,,,,0
PROD_055,REQUIRES,ING_079,,,,0
PROD_055,REQUIRES,ING_128,,,,0
PROD_055,REQUIRES,ING_089,,,,0
PROD_055,REQUIRES,ING_094,,,,0
PROD_055,REQUIRES,ING_132,,,,0
PROD_056,REQUIRES,ING_122,,,,0
PROD_056,REQUIRES,ING_118,,,,0
PROD_056,REQUIRES,ING_039,,,,0
PROD_056,REQUIRES,ING_094,,,,0
PROD_056,REQUIRES,ING_053,,,,0
PROD_056,REQUIRES,ING_103,,,,0
PROD_056,REQUIRES,ING_038,,,,0
PROD_057,REQUIRES,ING_084,,,,0
PROD_057,REQUIRES,ING_094,,,,0
PROD_057,REQUIRES,ING_037,,,,0
PROD_057,REQUIRES,ING_044,,,,0
PROD_057,REQUIRES,ING_003,,,,0
PROD_057,REQUIRES,ING_010,,,,0
PROD_057,REQUIRES,ING_012,,,,0
PROD_057,REQUIRES,ING_019,,,,0
PROD_058,REQUIRES,ING_082,,,,0
PROD_058,REQUIRES,ING_025,,,,0
PROD_058,REQUIRES,ING_129,,,,0
PROD_058,REQUIRES,ING_041,,,,0
PROD_058,REQUIRES,ING_123,,,,0
PROD_058,REQUIRES,ING_084,,,,0
PROD_058,REQUIRES,ING_036,,,,0
PROD_058,REQUIRES,ING_042,,,,0
PROD_058,REQUIRES,ING_122,,,,0
PROD_058,REQUIRES,ING_012,,,,0
PROD_058,REQUIRES,ING_078,,,,0
PROD_058,REQUIRES,ING_060,,,,0
PROD_058,REQUIRES,ING_094,,,,0
PROD_058,REQUIRES,ING_111,,,,0
PROD_059,REQUIRES,ING_122,,,,0
PROD_059,REQUIRES,ING_066,,,,0
PROD_059,REQUIRES,ING_039,,,,0
PROD_059,REQUIRES,ING_132,,,,0
PROD_059,REQUIRES,ING_084,,,,0
PROD_059,REQUIRES,ING_131,,,,0
PROD_059,REQUIRES,ING_036,,,,0
PROD_059,REQUIRES,ING_010,,,,0
PROD_060,REQUIRES,ING_093,,,,0
PROD_060,REQUIRES,ING_039,,,,0
PROD_060,REQUIRES,ING_087,,,,0
PROD_060,REQUIRES,ING_139,,,,0
ING_034,SUPPLIES,PLANT_034,,,,0
ING_117,SUPPLIES,PLANT_071,,,,0
ING_062,SUPPLIES,PLANT_061,,,,0
ING_138,SUPPLIES,PLANT_013,,,,0
ING_001,SUPPLIES,PLANT_017,,,,0
ING_046,SUPPLIES,PLANT_005,,,,0
ING_070,SUPPLIES,PLANT_056,,,,0
ING_095,SUPPLIES,PLANT_004,,,,0
ING_026,SUPPLIES,PLANT_089,,,,0
ING_003,SUPPLIES,PLANT_022,,,,0
ING_096,SUPPLIES,PLANT_010,,,,0
ING_063,SUPPLIES,PLANT_017,,,,0
ING_072,SUPPLIES,PLANT_066,,,,0
ING_032,SUPPLIES,PLANT_068,,,,0
ING_002,SUPPLIES,PLANT_050,,,,0
ING_017,SUPPLIES,PLANT_055,,,,0
ING_103,SUPPLIES,PLANT_046,,,,0
ING_079,SUPPLIES,PLANT_017,,,,0
ING_009,SUPPLIES,PLANT_052,,,,0
ING_082,SUPPLIES,PLANT_090,,,,0
ING_086,SUPPLIES,PLANT_072,,,,0
ING_040,SUPPLIES,PLANT_031,,,,0
ING_089,SUPPLIES,PLANT_038,,,,0
ING_094,SUPPLIES,PLANT_016,,,,0
ING_025,SUPPLIES,PLANT_044,,,,0
ING_081,SUPPLIES,PLANT_044,,,,0
ING_018,SUPPLIES,PLANT_076,,,,0
ING_098,SUPPLIES,PLANT_078,,,,0
ING_051,SUPPLIES,PLANT_079,,,,0
ING_039,SUPPLIES,PLANT_014,,,,0
ING_060,SUPPLIES,PLANT_006,,,,0
ING_064,SUPPLIES,PLANT_010,,,,0
ING_044,SUPPLIES,PLANT_046,,,,0
ING_110,SUPPLIES,PLANT_058,,,,0
ING_118,SUPPLIES,PLANT_053,,,,0
ING_031,SUPPLIES,PLANT_081,,,,0
ING_109,SUPPLIES,PLANT_058,,,,0
ING_119,SUPPLIES,PLANT_056,,,,0
ING_033,SUPPLIES,PLANT_038,,,,0
ING_036,SUPPLIES,PLANT_062,,,,0
ING_023,SUPPLIES,PLANT_090,,,,0
ING_099,SUPPLIES,PLANT_018,,,,0
ING_108,SUPPLIES,PLANT_024,,,,0
ING_108,SUPPLIES,PLANT_076,,,,0
ING_027,SUPPLIES,PLANT_066,,,,0
ING_027,SUPPLIES,PLANT_011,,,,0
ING_093,SUPPLIES,PLANT_020,,,,0
ING_093,SUPPLIES,PLANT_001,,,,0
ING_056,SUPPLIES,PLANT_076,,,,0
ING_056,SUPPLIES,PLANT_048,,,,0
ING_087,SUPPLIES,PLANT_087,,,,0
ING_087,SUPPLIES,PLANT_084,,,,0
ING_008,SUPPLIES,PLANT_059,,,,0
ING_008,SUPPLIES,PLANT_049,,,,0
ING_100,SUPPLIES,PLANT_042,,,,0
ING_100,SUPPLIES,PLANT_057,,,,0
ING_111,SUPPLIES,PLANT_023,,,,0
ING_111,SUPPLIES,PLANT_066,,,,0
ING_030,SUPPLIES,PLANT_076,,,,0
ING_030,SUPPLIES,PLANT_036,,,,0
ING_015,SUPPLIES,PLANT_013,,,,0
ING_015,SUPPLIES,PLANT_030,,,,0
ING_024,SUPPLIES,PLANT_039,,,,0
ING_024,SUPPLIES,PLANT_064,,,,0
ING_050,SUPPLIES,PLANT_044,,,,0
ING_050,SUPPLIES,PLANT_007,,,,0
ING_052,SUPPLIES,PLANT_073,,,,0
ING_052,SUPPLIES,PLANT_067,,,,0
ING_058,SUPPLIES,PLANT_068,,,,0
ING_058,SUPPLIES,PLANT_075,,,,0
ING_022,SUPPLIES,PLANT_066,,,,0
ING_022,SUPPLIES,PLANT_055,,,,0
ING_124,SUPPLIES,PLANT_037,,,,0
ING_124,SUPPLIES,PLANT_042,,,,0
ING_059,SUPPLIES,PLANT_050,,,,0
ING_059,SUPPLIES,PLANT_041,,,,0
ING_115,SUPPLIES,PLANT_023,,,,0
ING_115,SUPPLIES,PLANT_019,,,,0
ING_116,SUPPLIES,PLANT_006,,,,0
ING_116,SUPPLIES,PLANT_027,,,,0
ING_077,SUPPLIES,PLANT_056,,,,0
ING_077,SUPPLIES,PLANT_067,,,,0
ING_013,SUPPLIES,PLANT_036,,,,0
ING_013,SUPPLIES,PLANT_074,,,,0
ING_035,SUPPLIES,PLANT_079,,,,0
ING_035,SUPPLIES,PLANT_041,,,,0
ING_139,SUPPLIES,PLANT_013,,,,0
ING_139,SUPPLIES,PLANT_045,,,,0
ING_057,SUPPLIES,PLANT_037,,,,0
ING_057,SUPPLIES,PLANT_022,,,,0
ING_067,SUPPLIES,PLANT_016,,,,0
ING_067,SUPPLIES,PLANT_037,,,,0
ING_105,SUPPLIES,PLANT_036,,,,0
ING_105,SUPPLIES,PLANT_063,,,,0
ING_007,SUPPLIES,PLANT_057,,,,0
ING_007,SUPPLIES,PLANT_029,,,,0
ING_068,SUPPLIES,PLANT_022,,,,0
ING_068,SUPPLIES,PLANT_037,,,,0
ING_016,SUPPLIES,PLANT_034,,,,0
ING_016,SUPPLIES,PLANT_078,,,,0
ING_069,SUPPLIES,PLANT_014,,,,0
ING_069,SUPPLIES,PLANT_030,,,,0
ING_121,SUPPLIES,PLANT_086,,,,0
ING_121,SUPPLIES,PLANT_036,,,,0
ING_071,SUPPLIES,PLANT_019,,,,0
ING_071,SUPPLIES,PLANT_013,,,,0
ING_126,SUPPLIES,PLANT_027,,,,0
ING_126,SUPPLIES,PLANT_071,,,,0
ING_065,SUPPLIES,PLANT_066,,,,0
ING_065,SUPPLIES,PLANT_022,,,,0
ING_073,SUPPLIES,PLANT_004,,,,0
ING_073,SUPPLIES,PLANT_077,,,,0
ING_131,SUPPLIES,PLANT_006,,,,0
ING_131,SUPPLIES,PLANT_070,,,,0
ING_120,SUPPLIES,PLANT_069,,,,0
ING_120,SUPPLIES,PLANT_025,,,,0
ING_011,SUPPLIES,PLANT_001,,,,0
ING_011,SUPPLIES,PLANT_063,,,,0
ING_085,SUPPLIES,PLANT_004,,,,0
ING_085,SUPPLIES,PLANT_048,,,,0
ING_097,SUPPLIES,PLANT_027,,,,0
ING_097,SUPPLIES,PLANT_037,,,,0
ING_140,SUPPLIES,PLANT_074,,,,0
ING_140,SUPPLIES,PLANT_055,,,,0
ING_122,SUPPLIES,PLANT_057,,,,0
ING_122,SUPPLIES,PLANT_067,,,,0
ING_049,SUPPLIES,PLANT_017,,,,0
ING_049,SUPPLIES,PLANT_059,,,,0
ING_092,SUPPLIES,PLANT_038,,,,0
ING_092,SUPPLIES,PLANT_015,,,,0
ING_045,SUPPLIES,PLANT_016,,,,0
ING_045,SUPPLIES,PLANT_057,,,,0
ING_075,SUPPLIES,PLANT_056,,,,0
ING_075,SUPPLIES,PLANT_064,,,,0
ING_136,SUPPLIES,PLANT_034,,,,0
ING_136,SUPPLIES,PLANT_012,,,,0
ING_066,SUPPLIES,PLANT_018,,,,0
ING_066,SUPPLIES,PLANT_036,,,,0
ING_041,SUPPLIES,PLANT_086,,,,0
ING_041,SUPPLIES,PLANT_015,,,,0
ING_135,SUPPLIES,PLANT_046,,,,0
ING_135,SUPPLIES,PLANT_011,,,,0
ING_112,SUPPLIES,PLANT_029,,,,0
ING_112,SUPPLIES,PLANT_010,,,,0
ING_014,SUPPLIES,PLANT_042,,,,0
ING_014,SUPPLIES,PLANT_021,,,,0
ING_102,SUPPLIES,PLANT_065,,,,0
ING_102,SUPPLIES,PLANT_043,,,,0
ING_076,SUPPLIES,PLANT_036,,,,0
ING_076,SUPPLIES,PLANT_059,,,,0
ING_133,SUPPLIES,PLANT_081,,,,0
ING_133,SUPPLIES,PLANT_066,,,,0
ING_104,SUPPLIES,PLANT_087,,,,0
ING_104,SUPPLIES,PLANT_010,,,,0
ING_006,SUPPLIES,PLANT_089,,,,0
ING_006,SUPPLIES,PLANT_041,,,,0
ING_123,SUPPLIES,PLANT_005,,,,0
ING_123,SUPPLIES,PLANT_056,,,,0
ING_021,SUPPLIES,PLANT_013,,,,0
ING_021,SUPPLIES,PLANT_067,,,,0
ING_132,SUPPLIES,PLANT_041,,,,0
ING_132,SUPPLIES,PLANT_025,,,,0
ING_080,SUPPLIES,PLANT_072,,,,0
ING_080,SUPPLIES,PLANT_085,,,,0
ING_038,SUPPLIES,PLANT_081,,,,0
ING_038,SUPPLIES,PLANT_005,,,,0
ING_129,SUPPLIES,PLANT_082,,,,0
ING_129,SUPPLIES,PLANT_081,,,,0
ING_125,SUPPLIES,PLANT_002,,,,0
ING_125,SUPPLIES,PLANT_032,,,,0
ING_084,SUPPLIES,PLANT_018,,,,0
ING_084,SUPPLIES,PLANT_076,,,,0
ING_128,SUPPLIES,PLANT_049,,,,0
ING_128,SUPPLIES,PLANT_029,,,,0
ING_043,SUPPLIES,PLANT_087,,,,0
ING_043,SUPPLIES,PLANT_026,,,,0
ING_047,SUPPLIES,PLANT_034,,,,0
ING_047,SUPPLIES,PLANT_061,,,,0
ING_101,SUPPLIES,PLANT_020,,,,0
ING_101,SUPPLIES,PLANT_063,,,,0
ING_078,SUPPLIES,PLANT_024,,,,0
ING_078,SUPPLIES,PLANT_064,,,,0
ING_127,SUPPLIES,PLANT_037,,,,0
ING_127,SUPPLIES,PLANT_017,,,,0
ING_127,SUPPLIES,PLANT_026,,,,0
ING_004,SUPPLIES,PLANT_082,,,,0
ING_004,SUPPLIES,PLANT_012,,,,0
ING_004,SUPPLIES,PLANT_067,,,,0
ING_019,SUPPLIES,PLANT_028,,,,0
ING_019,SUPPLIES,PLANT_001,,,,0
ING_019,SUPPLIES,PLANT_056,,,,0
ING_037,SUPPLIES,PLANT_009,,,,0
ING_037,SUPPLIES,PLANT_063,,,,0
ING_037,SUPPLIES,PLANT_072,,,,0
ING_113,SUPPLIES,PLANT_079,,,,0
ING_113,SUPPLIES,PLANT_027,,,,0
ING_113,SUPPLIES,PLANT_023,,,,0
ING_055,SUPPLIES,PLANT_005,,,,0
ING_055,SUPPLIES,PLANT_054,,,,0
ING_055,SUPPLIES,PLANT_089,,,,0
ING_083,SUPPLIES,PLANT_034,,,,0
ING_083,SUPPLIES,PLANT_079,,,,0
ING_083,SUPPLIES,PLANT_049,,,,0
ING_010,SUPPLIES,PLANT_081,,,,0
ING_010,SUPPLIES,PLANT_075,,,,0
ING_010,SUPPLIES,PLANT_031,,,,0
ING_054,SUPPLIES,PLANT_082,,,,0
ING_054,SUPPLIES,PLANT_045,,,,0
ING_054,SUPPLIES,PLANT_062,,,,0
ING_088,SUPPLIES,PLANT_068,,,,0
ING_088,SUPPLIES,PLANT_085,,,,0
ING_088,SUPPLIES,PLANT_024,,,,0
ING_106,SUPPLIES,PLANT_039,,,,0
ING_106,SUPPLIES,PLANT_030,,,,0
ING_106,SUPPLIES,PLANT_038,,,,0
ING_107,SUPPLIES,PLANT_086,,,,0
ING_107,SUPPLIES,PLANT_063,,,,0
ING_107,SUPPLIES,PLANT_081,,,,0
ING_048,SUPPLIES,PLANT_051,,,,0
ING_048,SUPPLIES,PLANT_077,,,,0
ING_048,SUPPLIES,PLANT_046,,,,0
ING_074,SUPPLIES,PLANT_070,,,,0
ING_074,SUPPLIES,PLANT_062,,,,0
ING_074,SUPPLIES,PLANT_038,,,,0
ING_042,SUPPLIES,PLANT_013,,,,0
ING_042,SUPPLIES,PLANT_029,,,,0
ING_042,SUPPLIES,PLANT_015,,,,0
ING_053,SUPPLIES,PLANT_037,,,,0
ING_053,SUPPLIES,PLANT_054,,,,0
ING_053,SUPPLIES,PLANT_058,,,,0
ING_137,SUPPLIES,PLANT_042,,,,0
ING_137,SUPPLIES,PLANT_032,,,,0
ING_137,SUPPLIES,PLANT_085,,,,0
ING_134,SUPPLIES,PLANT_055,,,,0
ING_134,SUPPLIES,PLANT_015,,,,0
ING_134,SUPPLIES,PLANT_023,,,,0
ING_029,SUPPLIES,PLANT_060,,,,0
ING_029,SUPPLIES,PLANT_041,,,,0
ING_029,SUPPLIES,PLANT_085,,,,0
ING_114,SUPPLIES,PLANT_015,,,,0
ING_114,SUPPLIES,PLANT_045,,,,0
ING_114,SUPPLIES,PLANT_090,,,,0
ING_130,SUPPLIES,PLANT_051,,,,0
ING_130,SUPPLIES,PLANT_017,,,,0
ING_130,SUPPLIES,PLANT_062,,,,0
ING_020,SUPPLIES,PLANT_063,,,,0
ING_020,SUPPLIES,PLANT_077,,,,0
ING_020,SUPPLIES,PLANT_053,,,,0
ING_028,SUPPLIES,PLANT_088,,,,0
ING_028,SUPPLIES,PLANT_031,,,,0
ING_028,SUPPLIES,PLANT_004,,,,0
ING_090,SUPPLIES,PLANT_038,,,,0
ING_090,SUPPLIES,PLANT_035,,,,0
ING_090,SUPPLIES,PLANT_065,,,,0
ING_061,SUPPLIES,PLANT_028,,,,0
ING_061,SUPPLIES,PLANT_053,,,,0
ING_061,SUPPLIES,PLANT_008,,,,0
ING_012,SUPPLIES,PLANT_072,,,,0
ING_012,SUPPLIES,PLANT_042,,,,0
ING_012,SUPPLIES,PLANT_034,,,,0
ING_091,SUPPLIES,PLANT_087,,,,0
ING_091,SUPPLIES,PLANT_041,,,,0
ING_091,SUPPLIES,PLANT_053,,,,0
ING_005,SUPPLIES,PLANT_051,,,,0
ING_005,SUPPLIES,PLANT_057,,,,0
ING_005,SUPPLIES,PLANT_055,,,,0
PORT_004,IMPORTS_TO,PLANT_038,,,,0
PORT_001,IMPORTS_TO,PLANT_020,,,,0
PORT_013,IMPORTS_TO,PLANT_045,,,,0
PORT_001,IMPORTS_TO,PLANT_066,,,,0
PORT_002,IMPORTS_TO,PLANT_028,,,,0
PORT_010,IMPORTS_TO,PLANT_071,,,,0
PORT_005,IMPORTS_TO,PLANT_030,,,,0
PORT_006,IMPORTS_TO,PLANT_067,,,,0
PORT_001,IMPORTS_TO,PLANT_065,,,,0
PORT_002,IMPORTS_TO,PLANT_051,,,,0
PORT_010,IMPORTS_TO,PLANT_081,,,,0
PORT_006,IMPORTS_TO,PLANT_018,,,,0
PORT_013,IMPORTS_TO,PLANT_048,,,,0
PORT_012,IMPORTS_TO,PLANT_084,,,,0
PORT_005,IMPORTS_TO,PLANT_059,,,,0
PORT_001,IMPORTS_TO,PLANT_025,,,,0
PORT_004,IMPORTS_TO,PLANT_060,,,,0
PORT_001,IMPORTS_TO,PLANT_047,,,,0
PORT_002,IMPORTS_TO,PLANT_079,,,,0
PORT_010,IMPORTS_TO,PLANT_079,,,,0
PORT_005,IMPORTS_TO,PLANT_080,,,,0
PORT_008,IMPORTS_TO,PLANT_080,,,,0
PORT_013,IMPORTS_TO,PLANT_009,,,,0
PORT_006,IMPORTS_TO,PLANT_009,,,,0
PORT_009,IMPORTS_TO,PLANT_031,,,,0
PORT_015,IMPORTS_TO,PLANT_031,,,,0
PORT_010,IMPORTS_TO,PLANT_041,,,,0
PORT_007,IMPORTS_TO,PLANT_041,,,,0
PORT_009,IMPORTS_TO,PLANT_023,,,,0
PORT_001,IMPORTS_TO,PLANT_023,,,,0
PORT_014,IMPORTS_TO,PLANT_021,,,,0
PORT_007,IMPORTS_TO,PLANT_021,,,,0
PORT_013,IMPORTS_TO,PLANT_008,,,,0
PORT_006,IMPORTS_TO,PLANT_008,,,,0
PORT_009,IMPORTS_TO,PLANT_039,,,,0
PORT_003,IMPORTS_TO,PLANT_039,,,,0
PORT_006,IMPORTS_TO,PLANT_078,,,,0
PORT_011,IMPORTS_TO,PLANT_078,,,,0
PORT_003,IMPORTS_TO,PLANT_010,,,,0
PORT_008,IMPORTS_TO,PLANT_010,,,,0
PORT_002,IMPORTS_TO,PLANT_083,,,,0
PORT_009,IMPORTS_TO,PLANT_083,,,,0
PORT_006,IMPORTS_TO,PLANT_037,,,,0
PORT_008,IMPORTS_TO,PLANT_037,,,,0
PORT_001,IMPORTS_TO,PLANT_032,,,,0
PORT_012,IMPORTS_TO,PLANT_032,,,,0
PORT_009,IMPORTS_TO,PLANT_062,,,,0
PORT_006,IMPORTS_TO,PLANT_062,,,,0
PORT_010,IMPORTS_TO,PLANT_033,,,,0
PORT_014,IMPORTS_TO,PLANT_033,,,,0
PORT_002,IMPORTS_TO,PLANT_088,,,,0
PORT_014,IMPORTS_TO,PLANT_088,,,,0
PORT_002,IMPORTS_TO,PLANT_057,,,,0
PORT_010,IMPORTS_TO,PLANT_057,,,,0
PORT_005,IMPORTS_TO,PLANT_002,,,,0
PORT_001,IMPORTS_TO,PLANT_002,,,,0
PORT_001,IMPORTS_TO,PLANT_068,,,,0
PORT_011,IMPORTS_TO,PLANT_068,,,,0
PORT_002,IMPORTS_TO,PLANT_001,,,,0
PORT_006,IMPORTS_TO,PLANT_001,,,,0
PORT_010,IMPORTS_TO,PLANT_016,,,,0
PORT_007,IMPORTS_TO,PLANT_016,,,,0
PORT_001,IMPORTS_TO,PLANT_061,,,,0
PORT_010,IMPORTS_TO,PLANT_061,,,,0
PORT_013,IMPORTS_TO,PLANT_056,,,,0
PORT_015,IMPORTS_TO,PLANT_056,,,,0
PORT_010,IMPORTS_TO,PLANT_077,,,,0
PORT_001,IMPORTS_TO,PLANT_077,,,,0
PORT_013,IMPORTS_TO,PLANT_076,,,,0
PORT_008,IMPORTS_TO,PLANT_076,,,,0
PORT_013,IMPORTS_TO,PLANT_055,,,,0
PORT_007,IMPORTS_TO,PLANT_055,,,,0
PORT_009,IMPORTS_TO,PLANT_090,,,,0
PORT_013,IMPORTS_TO,PLANT_090,,,,0
PORT_006,IMPORTS_TO,PLANT_019,,,,0
PORT_015,IMPORTS_TO,PLANT_019,,,,0
PORT_002,IMPORTS_TO,PLANT_073,,,,0
PORT_001,IMPORTS_TO,PLANT_073,,,,0
PORT_013,IMPORTS_TO,PLANT_064,,,,0
PORT_006,IMPORTS_TO,PLANT_064,,,,0
PORT_001,IMPORTS_TO,PLANT_026,,,,0
PORT_015,IMPORTS_TO,PLANT_026,,,,0
PORT_005,IMPORTS_TO,PLANT_054,,,,0
PORT_001,IMPORTS_TO,PLANT_054,,,,0
PORT_002,IMPORTS_TO,PLANT_011,,,,0
PORT_014,IMPORTS_TO,PLANT_011,,,,0
PORT_002,IMPORTS_TO,PLANT_013,,,,0
PORT_010,IMPORTS_TO,PLANT_013,,,,0
PORT_006,IMPORTS_TO,PLANT_087,,,,0
PORT_011,IMPORTS_TO,PLANT_087,,,,0
PORT_006,IMPORTS_TO,PLANT_024,,,,0
PORT_007,IMPORTS_TO,PLANT_024,,,,0
PORT_001,IMPORTS_TO,PLANT_014,,,,0
PORT_013,IMPORTS_TO,PLANT_014,,,,0
PORT_002,IMPORTS_TO,PLANT_089,,,,0
PORT_010,IMPORTS_TO,PLANT_089,,,,0
PORT_014,IMPORTS_TO,PLANT_004,,,,0
PORT_015,IMPORTS_TO,PLANT_004,,,,0
PORT_001,IMPORTS_TO,PLANT_042,,,,0
PORT_003,IMPORTS_TO,PLANT_042,,,,0
PORT_013,IMPORTS_TO,PLANT_005,,,,0
PORT_012,IMPORTS_TO,PLANT_005,,,,0
PORT_008,IMPORTS_TO,PLANT_036,,,,0
PORT_007,IMPORTS_TO,PLANT_036,,,,0
PORT_001,IMPORTS_TO,PLANT_086,,,,0
PORT_014,IMPORTS_TO,PLANT_086,,,,0
PORT_004,IMPORTS_TO,PLANT_050,,,,0
PORT_003,IMPORTS_TO,PLANT_050,,,,0
PORT_009,IMPORTS_TO,PLANT_046,,,,0
PORT_012,IMPORTS_TO,PLANT_046,,,,0
PORT_004,IMPORTS_TO,PLANT_072,,,,0
PORT_001,IMPORTS_TO,PLANT_072,,,,0
PORT_010,IMPORTS_TO,PLANT_012,,,,0
PORT_008,IMPORTS_TO,PLANT_012,,,,0
PORT_004,IMPORTS_TO,PLANT_049,,,,0
PORT_001,IMPORTS_TO,PLANT_049,,,,0
PORT_005,IMPORTS_TO,PLANT_075,,,,0
PORT_009,IMPORTS_TO,PLANT_075,,,,0
PORT_004,IMPORTS_TO,PLANT_003,,,,0
PORT_012,IMPORTS_TO,PLANT_003,,,,0
PORT_003,IMPORTS_TO,PLANT_070,,,,0
PORT_006,IMPORTS_TO,PLANT_070,,,,0
PORT_006,IMPORTS_TO,PLANT_017,,,,0
PORT_008,IMPORTS_TO,PLANT_017,,,,0
PORT_001,IMPORTS_TO,PLANT_043,,,,0
PORT_006,IMPORTS_TO,PLANT_043,,,,0
PORT_002,IMPORTS_TO,PLANT_015,,,,0
PORT_005,IMPORTS_TO,PLANT_015,,,,0
PORT_007,IMPORTS_TO,PLANT_015,,,,0
PORT_002,IMPORTS_TO,PLANT_027,,,,0
PORT_010,IMPORTS_TO,PLANT_027,,,,0
PORT_007,IMPORTS_TO,PLANT_027,,,,0
PORT_002,IMPORTS_TO,PLANT_069,,,,0
PORT_012,IMPORTS_TO,PLANT_069,,,,0
PORT_011,IMPORTS_TO,PLANT_069,,,,0
PORT_005,IMPORTS_TO,PLANT_022,,,,0
PORT_010,IMPORTS_TO,PLANT_022,,,,0
PORT_013,IMPORTS_TO,PLANT_022,,,,0
PORT_006,IMPORTS_TO,PLANT_074,,,,0
PORT_014,IMPORTS_TO,PLANT_074,,,,0
PORT_011,IMPORTS_TO,PLANT_074,,,,0
PORT_009,IMPORTS_TO,PLANT_085,,,,0
PORT_008,IMPORTS_TO,PLANT_085,,,,0
PORT_015,IMPORTS_TO,PLANT_085,,,,0
PORT_007,IMPORTS_TO,PLANT_053,,,,0
PORT_003,IMPORTS_TO,PLANT_053,,,,0
PORT_011,IMPORTS_TO,PLANT_053,,,,0
PORT_002,IMPORTS_TO,PLANT_058,,,,0
PORT_010,IMPORTS_TO,PLANT_058,,,,0
PORT_004,IMPORTS_TO,PLANT_058,,,,0
PORT_007,IMPORTS_TO,PLANT_040,,,,0
PORT_003,IMPORTS_TO,PLANT_040,,,,0
PORT_011,IMPORTS_TO,PLANT_040,,,,0
PORT_008,IMPORTS_TO,PLANT_006,,,,0
PORT_003,IMPORTS_TO,PLANT_006,,,,0
PORT_012,IMPORTS_TO,PLANT_006,,,,0
PORT_002,IMPORTS_TO,PLANT_082,,,,0
PORT_003,IMPORTS_TO,PLANT_082,,,,0
PORT_001,IMPORTS_TO,PLANT_082,,,,0
PORT_005,IMPORTS_TO,PLANT_044,,,,0
PORT_004,IMPORTS_TO,PLANT_044,,,,0
PORT_012,IMPORTS_TO,PLANT_044,,,,0
PORT_003,IMPORTS_TO,PLANT_029,,,,0
PORT_010,IMPORTS_TO,PLANT_029,,,,0
PORT_011,IMPORTS_TO,PLANT_029,,,,0
PORT_009,IMPORTS_TO,PLANT_063,,,,0
PORT_002,IMPORTS_TO,PLANT_063,,,,0
PORT_012,IMPORTS_TO,PLANT_063,,,,0
PORT_010,IMPORTS_TO,PLANT_035,,,,0
PORT_011,IMPORTS_TO,PLANT_035,,,,0
PORT_013,IMPORTS_TO,PLANT_035,,,,0
PORT_007,IMPORTS_TO,PLANT_007,,,,0
PORT_006,IMPORTS_TO,PLANT_007,,,,0
PORT_008,IMPORTS_TO,PLANT_007,,,,0
PORT_004,IMPORTS_TO,PLANT_034,,,,0
PORT_014,IMPORTS_TO,PLANT_034,,,,0
PORT_007,IMPORTS_TO,PLANT_034,,,,0
PORT_004,IMPORTS_TO,PLANT_052,,,,0
PORT_006,IMPORTS_TO,PLANT_052,,,,0
PORT_005,IMPORTS_TO,PLANT_052,,,,0
PLANT_001,SHIPS_TO,WH_117,27,2,truck,1
PLANT_001,SHIPS_TO,WH_093,61,1,truck,0
PLANT_001,SHIPS_TO,WH_102,94,4,truck,0
PLANT_001,SHIPS_TO,WH_108,122,3,truck,1
PLANT_001,SHIPS_TO,WH_100,30,4,truck,1
PLANT_002,SHIPS_TO,WH_015,38,1,truck,1
PLANT_002,SHIPS_TO,WH_053,67,4,truck,0
PLANT_002,SHIPS_TO,WH_100,32,3,truck,1
PLANT_002,SHIPS_TO,WH_106,62,4,truck,1
PLANT_003,SHIPS_TO,WH_042,37,4,rail,1
PLANT_003,SHIPS_TO,WH_086,57,4,truck,0
PLANT_003,SHIPS_TO,WH_011,25,1,truck,1
PLANT_003,SHIPS_TO,WH_113,44,1,truck,1
PLANT_003,SHIPS_TO,WH_048,27,3,truck,1
PLANT_004,SHIPS_TO,WH_060,22,2,truck,1
PLANT_004,SHIPS_TO,WH_061,203,3,truck,0
PLANT_004,SHIPS_TO,WH_025,61,1,truck,1
PLANT_004,SHIPS_TO,WH_099,79,4,truck,1
PLANT_005,SHIPS_TO,WH_095,30,4,truck,1
PLANT_005,SHIPS_TO,WH_012,6,1,truck,1
PLANT_005,SHIPS_TO,WH_058,22,3,rail,1
PLANT_005,SHIPS_TO,WH_045,33,2,rail,0
PLANT_005,SHIPS_TO,WH_099,35,2,rail,0
PLANT_006,SHIPS_TO,WH_034,79,3,truck,0
PLANT_006,SHIPS_TO,WH_112,36,3,truck,1
PLANT_006,SHIPS_TO,WH_010,22,1,truck,0
PLANT_007,SHIPS_TO,WH_024,31,4,truck,0
PLANT_007,SHIPS_TO,WH_076,41,1,truck,0
PLANT_007,SHIPS_TO,WH_025,25,1,truck,1
PLANT_007,SHIPS_TO,WH_010,16,4,truck,1
PLANT_008,SHIPS_TO,WH_105,22,2,truck,1
PLANT_008,SHIPS_TO,WH_049,26,3,rail,0
PLANT_008,SHIPS_TO,WH_041,29,2,truck,1
PLANT_008,SHIPS_TO,WH_043,20,4,truck,1
PLANT_009,SHIPS_TO,WH_108,83,3,rail,1
PLANT_009,SHIPS_TO,WH_082,60,1,truck,1
PLANT_009,SHIPS_TO,WH_096,153,4,truck,0
PLANT_009,SHIPS_TO,WH_110,27,2,truck,1
PLANT_010,SHIPS_TO,WH_071,27,3,truck,1
PLANT_010,SHIPS_TO,WH_086,65,4,truck,0
PLANT_010,SHIPS_TO,WH_047,116,6,rail,0
PLANT_010,SHIPS_TO,WH_046,45,2,truck,1
PLANT_010,SHIPS_TO,WH_110,31,1,truck,1
PLANT_010,SHIPS_TO,WH_035,28,1,truck,1
PLANT_011,SHIPS_TO,WH_109,46,4,truck,1
PLANT_011,SHIPS_TO,WH_023,80,4,truck,0
PLANT_011,SHIPS_TO,WH_021,21,2,truck,1
PLANT_011,SHIPS_TO,WH_080,31,4,truck,1
PLANT_011,SHIPS_TO,WH_036,29,6,rail,0
PLANT_012,SHIPS_TO,WH_026,23,2,truck,1
PLANT_012,SHIPS_TO,WH_023,44,2,rail,1
PLANT_012,SHIPS_TO,WH_012,43,5,rail,1
PLANT_012,SHIPS_TO,WH_070,69,2,truck,1
PLANT_012,SHIPS_TO,WH_058,138,2,truck,0
PLANT_012,SHIPS_TO,WH_045,50,2,truck,0
PLANT_013,SHIPS_TO,WH_095,88,4,truck,1
PLANT_013,SHIPS_TO,WH_013,47,1,truck,1
PLANT_013,SHIPS_TO,WH_017,100,5,rail,1
PLANT_013,SHIPS_TO,WH_109,124,5,rail,0
PLANT_013,SHIPS_TO,WH_036,108,3,truck,0
PLANT_014,SHIPS_TO,WH_101,56,1,truck,1
PLANT_014,SHIPS_TO,WH_057,40,3,rail,0
PLANT_014,SHIPS_TO,WH_039,24,2,truck,1
PLANT_015,SHIPS_TO,WH_049,35,4,truck,1
PLANT_015,SHIPS_TO,WH_084,48,1,truck,1
PLANT_015,SHIPS_TO,WH_098,75,1,truck,1
PLANT_015,SHIPS_TO,WH_037,90,3,rail,0
PLANT_015,SHIPS_TO,WH_105,59,4,truck,1
PLANT_015,SHIPS_TO,WH_040,106,4,truck,0
PLANT_016,SHIPS_TO,WH_034,48,5,rail,1
PLANT_016,SHIPS_TO,WH_058,17,3,truck,1
PLANT_016,SHIPS_TO,WH_045,113,4,truck,0
PLANT_017,SHIPS_TO,WH_020,72,4,truck,0
PLANT_017,SHIPS_TO,WH_006,96,4,truck,0
PLANT_017,SHIPS_TO,WH_046,34,3,truck,1
PLANT_018,SHIPS_TO,WH_020,85,1,truck,0
PLANT_018,SHIPS_TO,WH_092,41,1,truck,1
PLANT_018,SHIPS_TO,WH_006,17,1,truck,1
PLANT_018,SHIPS_TO,WH_048,60,3,truck,0
PLANT_018,SHIPS_TO,WH_074,79,2,truck,1
PLANT_019,SHIPS_TO,WH_021,30,1,truck,1
PLANT_019,SHIPS_TO,WH_008,16,4,truck,1
PLANT_019,SHIPS_TO,WH_074,50,1,truck,1
PLANT_019,SHIPS_TO,WH_005,72,2,truck,0
PLANT_019,SHIPS_TO,WH_096,44,6,rail,1
PLANT_019,SHIPS_TO,WH_009,30,1,truck,1
PLANT_020,SHIPS_TO,WH_089,41,4,truck,1
PLANT_020,SHIPS_TO,WH_039,74,3,truck,0
PLANT_020,SHIPS_TO,WH_064,50,3,truck,0
PLANT_020,SHIPS_TO,WH_006,39,3,truck,1
PLANT_020,SHIPS_TO,WH_033,71,4,truck,1
PLANT_020,SHIPS_TO,WH_116,59,4,truck,1
PLANT_021,SHIPS_TO,WH_020,33,2,truck,1
PLANT_021,SHIPS_TO,WH_067,67,1,truck,0
PLANT_021,SHIPS_TO,WH_048,16,3,truck,1
PLANT_021,SHIPS_TO,WH_060,41,3,truck,0
PLANT_021,SHIPS_TO,WH_114,12,4,truck,1
PLANT_022,SHIPS_TO,WH_101,80,4,truck,1
PLANT_022,SHIPS_TO,WH_055,71,4,truck,1
PLANT_022,SHIPS_TO,WH_058,58,2,truck,0
PLANT_022,SHIPS_TO,WH_046,24,3,truck,1
PLANT_023,SHIPS_TO,WH_120,53,3,truck,1
PLANT_023,SHIPS_TO,WH_070,51,4,truck,1
PLANT_023,SHIPS_TO,WH_027,52,5,rail,0
PLANT_023,SHIPS_TO,WH_077,38,5,rail,1
PLANT_023,SHIPS_TO,WH_090,70,4,truck,1
PLANT_023,SHIPS_TO,WH_055,155,4,truck,0
PLANT_024,SHIPS_TO,WH_084,37,4,truck,1
PLANT_024,SHIPS_TO,WH_006,40,4,truck,1
PLANT_024,SHIPS_TO,WH_083,33,4,truck,1
PLANT_024,SHIPS_TO,WH_009,27,3,rail,1
PLANT_024,SHIPS_TO,WH_082,74,4,truck,0
PLANT_024,SHIPS_TO,WH_081,10,4,rail,1
PLANT_025,SHIPS_TO,WH_060,39,2,truck,1
PLANT_025,SHIPS_TO,WH_053,36,1,truck,1
PLANT_025,SHIPS_TO,WH_100,27,3,rail,0
PLANT_026,SHIPS_TO,WH_011,128,2,rail,1
PLANT_026,SHIPS_TO,WH_090,67,6,rail,0
PLANT_026,SHIPS_TO,WH_002,124,1,truck,0
PLANT_027,SHIPS_TO,WH_109,53,4,truck,1
PLANT_027,SHIPS_TO,WH_091,181,3,truck,0
PLANT_027,SHIPS_TO,WH_051,89,1,truck,1
PLANT_028,SHIPS_TO,WH_095,44,1,truck,1
PLANT_028,SHIPS_TO,WH_023,36,3,truck,1
PLANT_028,SHIPS_TO,WH_041,96,4,truck,0
PLANT_028,SHIPS_TO,WH_035,45,1,truck,1
PLANT_028,SHIPS_TO,WH_036,65,2,truck,1
PLANT_029,SHIPS_TO,WH_120,14,2,truck,1
PLANT_029,SHIPS_TO,WH_056,10,2,truck,1
PLANT_029,SHIPS_TO,WH_044,38,1,truck,0
PLANT_029,SHIPS_TO,WH_066,54,4,truck,0
PLANT_029,SHIPS_TO,WH_040,38,4,rail,1
PLANT_030,SHIPS_TO,WH_061,62,4,truck,1
PLANT_030,SHIPS_TO,WH_086,30,4,rail,1
PLANT_030,SHIPS_TO,WH_087,61,1,truck,1
PLANT_030,SHIPS_TO,WH_060,95,1,truck,1
PLANT_030,SHIPS_TO,WH_083,133,2,truck,0
PLANT_031,SHIPS_TO,WH_094,129,1,truck,0
PLANT_031,SHIPS_TO,WH_014,33,2,truck,1
PLANT_031,SHIPS_TO,WH_007,31,2,truck,1
PLANT_031,SHIPS_TO,WH_072,36,3,truck,1
PLANT_031,SHIPS_TO,WH_040,123,1,truck,0
PLANT_032,SHIPS_TO,WH_028,21,4,truck,1
PLANT_032,SHIPS_TO,WH_065,56,3,truck,0
PLANT_032,SHIPS_TO,WH_002,9,4,truck,1
PLANT_032,SHIPS_TO,WH_116,22,2,truck,1
PLANT_033,SHIPS_TO,WH_101,51,3,rail,1
PLANT_033,SHIPS_TO,WH_113,27,1,truck,1
PLANT_033,SHIPS_TO,WH_058,59,2,truck,0
PLANT_034,SHIPS_TO,WH_042,19,3,truck,1
PLANT_034,SHIPS_TO,WH_071,18,2,truck,1
PLANT_034,SHIPS_TO,WH_086,37,5,rail,0
PLANT_034,SHIPS_TO,WH_113,20,4,truck,1
PLANT_034,SHIPS_TO,WH_116,25,4,rail,1
PLANT_034,SHIPS_TO,WH_037,23,1,truck,1
PLANT_035,SHIPS_TO,WH_012,25,2,truck,1
PLANT_035,SHIPS_TO,WH_059,106,2,truck,0
PLANT_035,SHIPS_TO,WH_091,31,2,truck,1
PLANT_035,SHIPS_TO,WH_046,48,4,truck,1
PLANT_035,SHIPS_TO,WH_099,114,5,rail,0
PLANT_036,SHIPS_TO,WH_094,17,4,truck,1
PLANT_036,SHIPS_TO,WH_024,26,2,rail,1
PLANT_036,SHIPS_TO,WH_098,43,5,rail,0
PLANT_036,SHIPS_TO,WH_014,19,2,truck,0
PLANT_036,SHIPS_TO,WH_034,19,3,truck,1
PLANT_037,SHIPS_TO,WH_089,25,4,truck,1
PLANT_037,SHIPS_TO,WH_084,52,3,truck,0
PLANT_037,SHIPS_TO,WH_098,27,6,rail,1
PLANT_037,SHIPS_TO,WH_119,34,4,truck,1
PLANT_037,SHIPS_TO,WH_072,38,3,truck,1
PLANT_037,SHIPS_TO,WH_078,23,1,truck,1
PLANT_038,SHIPS_TO,WH_085,54,5,rail,1
PLANT_038,SHIPS_TO,WH_119,32,2,truck,1
PLANT_038,SHIPS_TO,WH_043,61,3,truck,0
PLANT_038,SHIPS_TO,WH_018,18,2,rail,1
PLANT_038,SHIPS_TO,WH_075,46,4,rail,1
PLANT_039,SHIPS_TO,WH_062,16,3,truck,1
PLANT_039,SHIPS_TO,WH_047,44,1,truck,0
PLANT_039,SHIPS_TO,WH_044,52,4,truck,0
PLANT_039,SHIPS_TO,WH_050,32,2,rail,1
PLANT_039,SHIPS_TO,WH_110,42,4,truck,1
PLANT_039,SHIPS_TO,WH_030,28,4,rail,1
PLANT_040,SHIPS_TO,WH_120,39,1,truck,1
PLANT_040,SHIPS_TO,WH_056,55,2,truck,1
PLANT_040,SHIPS_TO,WH_016,41,3,truck,1
PLANT_040,SHIPS_TO,WH_018,33,3,rail,1
PLANT_040,SHIPS_TO,WH_075,61,3,truck,0
PLANT_041,SHIPS_TO,WH_012,75,4,truck,0
PLANT_041,SHIPS_TO,WH_101,86,6,rail,1
PLANT_041,SHIPS_TO,WH_111,109,2,truck,1
PLANT_041,SHIPS_TO,WH_058,36,2,truck,1
PLANT_041,SHIPS_TO,WH_083,30,1,truck,1
PLANT_041,SHIPS_TO,WH_045,147,3,rail,0
PLANT_042,SHIPS_TO,WH_116,73,4,truck,0
PLANT_042,SHIPS_TO,WH_068,24,2,truck,1
PLANT_042,SHIPS_TO,WH_030,15,5,rail,1
PLANT_043,SHIPS_TO,WH_053,14,2,truck,1
PLANT_043,SHIPS_TO,WH_100,74,2,rail,0
PLANT_043,SHIPS_TO,WH_049,12,1,truck,1
PLANT_044,SHIPS_TO,WH_054,35,3,truck,0
PLANT_044,SHIPS_TO,WH_098,7,4,truck,1
PLANT_044,SHIPS_TO,WH_097,20,1,truck,1
PLANT_044,SHIPS_TO,WH_025,34,5,rail,1
PLANT_044,SHIPS_TO,WH_078,28,1,truck,1
PLANT_044,SHIPS_TO,WH_105,28,2,rail,1
PLANT_045,SHIPS_TO,WH_049,60,2,truck,1
PLANT_045,SHIPS_TO,WH_054,113,2,truck,0
PLANT_045,SHIPS_TO,WH_038,57,3,truck,1
PLANT_045,SHIPS_TO,WH_105,83,2,truck,1
PLANT_045,SHIPS_TO,WH_076,42,2,truck,1
PLANT_046,SHIPS_TO,WH_038,102,1,truck,1
PLANT_046,SHIPS_TO,WH_041,195,2,rail,0
PLANT_046,SHIPS_TO,WH_054,59,4,truck,0
PLANT_046,SHIPS_TO,WH_085,33,2,truck,1
PLANT_047,SHIPS_TO,WH_015,30,6,rail,1
PLANT_047,SHIPS_TO,WH_090,37,2,rail,0
PLANT_047,SHIPS_TO,WH_011,15,3,truck,1
PLANT_047,SHIPS_TO,WH_017,48,1,truck,0
PLANT_048,SHIPS_TO,WH_107,31,1,truck,1
PLANT_048,SHIPS_TO,WH_101,31,2,truck,0
PLANT_048,SHIPS_TO,WH_032,26,3,truck,1
PLANT_048,SHIPS_TO,WH_030,29,3,truck,1
PLANT_049,SHIPS_TO,WH_061,33,1,truck,1
PLANT_049,SHIPS_TO,WH_085,54,1,truck,0
PLANT_049,SHIPS_TO,WH_008,19,3,truck,1
PLANT_049,SHIPS_TO,WH_060,21,5,rail,1
PLANT_049,SHIPS_TO,WH_003,12,4,truck,1
PLANT_049,SHIPS_TO,WH_022,25,3,truck,1
PLANT_050,SHIPS_TO,WH_067,34,3,truck,1
PLANT_050,SHIPS_TO,WH_104,51,2,truck,1
PLANT_050,SHIPS_TO,WH_088,171,2,rail,0
PLANT_050,SHIPS_TO,WH_048,63,3,truck,1
PLANT_050,SHIPS_TO,WH_083,180,2,rail,1
PLANT_051,SHIPS_TO,WH_109,101,3,truck,0
PLANT_051,SHIPS_TO,WH_091,69,1,truck,1
PLANT_051,SHIPS_TO,WH_041,35,2,truck,1
PLANT_051,SHIPS_TO,WH_019,89,2,truck,1
PLANT_052,SHIPS_TO,WH_108,92,4,truck,1
PLANT_052,SHIPS_TO,WH_081,18,3,truck,1
PLANT_052,SHIPS_TO,WH_036,43,3,truck,1
PLANT_052,SHIPS_TO,WH_118,46,1,truck,0
PLANT_053,SHIPS_TO,WH_120,56,4,truck,1
PLANT_053,SHIPS_TO,WH_021,62,2,rail,1
PLANT_053,SHIPS_TO,WH_101,45,4,truck,1
PLANT_053,SHIPS_TO,WH_088,88,3,rail,0
PLANT_053,SHIPS_TO,WH_050,78,3,truck,1
PLANT_053,SHIPS_TO,WH_035,94,3,truck,1
PLANT_054,SHIPS_TO,WH_085,62,4,rail,0
PLANT_054,SHIPS_TO,WH_054,35,2,rail,0
PLANT_054,SHIPS_TO,WH_098,25,2,rail,1
PLANT_054,SHIPS_TO,WH_016,26,4,truck,1
PLANT_054,SHIPS_TO,WH_075,18,3,truck,1
PLANT_054,SHIPS_TO,WH_110,22,4,truck,1
PLANT_055,SHIPS_TO,WH_089,63,4,truck,0
PLANT_055,SHIPS_TO,WH_101,51,4,truck,1
PLANT_055,SHIPS_TO,WH_046,104,4,truck,0
PLANT_055,SHIPS_TO,WH_032,73,5,rail,1
PLANT_055,SHIPS_TO,WH_045,63,1,truck,1
PLANT_056,SHIPS_TO,WH_069,35,4,truck,1
PLANT_056,SHIPS_TO,WH_010,59,4,truck,0
PLANT_056,SHIPS_TO,WH_017,41,1,truck,1
PLANT_057,SHIPS_TO,WH_017,22,2,rail,1
PLANT_057,SHIPS_TO,WH_084,14,3,truck,1
PLANT_057,SHIPS_TO,WH_041,20,1,truck,0
PLANT_057,SHIPS_TO,WH_115,16,3,truck,1
PLANT_057,SHIPS_TO,WH_046,22,3,truck,1
PLANT_057,SHIPS_TO,WH_036,25,2,truck,1
PLANT_058,SHIPS_TO,WH_109,31,3,truck,0
PLANT_058,SHIPS_TO,WH_111,11,4,truck,1
PLANT_058,SHIPS_TO,WH_041,25,3,truck,1
PLANT_058,SHIPS_TO,WH_080,9,2,truck,1
PLANT_058,SHIPS_TO,WH_036,36,3,truck,0
PLANT_059,SHIPS_TO,WH_028,71,3,rail,1
PLANT_059,SHIPS_TO,WH_061,32,4,truck,1
PLANT_059,SHIPS_TO,WH_004,78,4,rail,1
PLANT_059,SHIPS_TO,WH_013,91,2,truck,0
PLANT_060,SHIPS_TO,WH_020,42,2,truck,0
PLANT_060,SHIPS_TO,WH_104,33,2,truck,0
PLANT_060,SHIPS_TO,WH_031,51,1,truck,1
PLANT_061,SHIPS_TO,WH_015,66,5,rail,1
PLANT_061,SHIPS_TO,WH_053,38,4,rail,1
PLANT_061,SHIPS_TO,WH_113,31,3,rail,1
PLANT_061,SHIPS_TO,WH_107,40,3,rail,1
PLANT_061,SHIPS_TO,WH_090,38,2,truck,0
PLANT_061,SHIPS_TO,WH_069,104,6,rail,0
PLANT_062,SHIPS_TO,WH_021,33,1,truck,1
PLANT_062,SHIPS_TO,WH_097,107,1,truck,0
PLANT_062,SHIPS_TO,WH_079,30,4,truck,1
PLANT_062,SHIPS_TO,WH_069,14,2,truck,1
PLANT_062,SHIPS_TO,WH_010,73,4,rail,0
PLANT_063,SHIPS_TO,WH_063,64,3,rail,0
PLANT_063,SHIPS_TO,WH_069,23,3,truck,1
PLANT_063,SHIPS_TO,WH_076,28,5,rail,0
PLANT_064,SHIPS_TO,WH_093,86,4,truck,1
PLANT_064,SHIPS_TO,WH_008,62,2,truck,1
PLANT_064,SHIPS_TO,WH_006,35,2,rail,1
PLANT_064,SHIPS_TO,WH_102,76,4,truck,1
PLANT_064,SHIPS_TO,WH_018,61,3,truck,0
PLANT_065,SHIPS_TO,WH_039,21,4,truck,0
PLANT_065,SHIPS_TO,WH_070,18,1,truck,1
PLANT_065,SHIPS_TO,WH_117,22,1,truck,1
PLANT_065,SHIPS_TO,WH_053,16,3,truck,0
PLANT_065,SHIPS_TO,WH_116,6,1,truck,1
PLANT_066,SHIPS_TO,WH_015,23,2,truck,1
PLANT_066,SHIPS_TO,WH_024,21,2,truck,1
PLANT_066,SHIPS_TO,WH_070,32,3,rail,0
PLANT_067,SHIPS_TO,WH_008,35,2,truck,1
PLANT_067,SHIPS_TO,WH_006,44,3,truck,1
PLANT_067,SHIPS_TO,WH_043,56,4,truck,0
PLANT_067,SHIPS_TO,WH_106,8,6,rail,1
PLANT_067,SHIPS_TO,WH_041,13,4,truck,1
PLANT_067,SHIPS_TO,WH_019,39,4,truck,1
PLANT_068,SHIPS_TO,WH_015,36,2,truck,1
PLANT_068,SHIPS_TO,WH_086,182,3,truck,0
PLANT_068,SHIPS_TO,WH_116,96,4,truck,0
PLANT_069,SHIPS_TO,WH_095,67,4,rail,1
PLANT_069,SHIPS_TO,WH_023,20,1,truck,1
PLANT_069,SHIPS_TO,WH_017,86,6,rail,0
PLANT_069,SHIPS_TO,WH_065,85,1,truck,0
PLANT_069,SHIPS_TO,WH_075,35,3,truck,1
PLANT_069,SHIPS_TO,WH_036,60,4,truck,1
PLANT_070,SHIPS_TO,WH_120,164,2,truck,0
PLANT_070,SHIPS_TO,WH_008,76,1,truck,1
PLANT_070,SHIPS_TO,WH_102,22,1,truck,1
PLANT_070,SHIPS_TO,WH_117,68,2,rail,1
PLANT_071,SHIPS_TO,WH_109,19,5,rail,1
PLANT_071,SHIPS_TO,WH_030,85,3,truck,1
PLANT_071,SHIPS_TO,WH_058,65,3,truck,0
PLANT_071,SHIPS_TO,WH_046,38,4,rail,1
PLANT_072,SHIPS_TO,WH_064,26,4,truck,1
PLANT_072,SHIPS_TO,WH_104,20,2,truck,1
PLANT_072,SHIPS_TO,WH_027,44,4,truck,0
PLANT_072,SHIPS_TO,WH_077,80,2,truck,1
PLANT_072,SHIPS_TO,WH_090,75,4,truck,0
PLANT_072,SHIPS_TO,WH_109,22,3,truck,1
PLANT_073,SHIPS_TO,WH_015,35,1,truck,1
PLANT_073,SHIPS_TO,WH_107,32,1,truck,1
PLANT_073,SHIPS_TO,WH_027,49,2,truck,1
PLANT_073,SHIPS_TO,WH_018,114,2,truck,0
PLANT_074,SHIPS_TO,WH_020,42,1,truck,1
PLANT_074,SHIPS_TO,WH_008,71,1,truck,0
PLANT_074,SHIPS_TO,WH_006,135,3,truck,0
PLANT_074,SHIPS_TO,WH_074,22,4,truck,1
PLANT_074,SHIPS_TO,WH_115,40,2,truck,1
PLANT_075,SHIPS_TO,WH_055,48,3,truck,1
PLANT_075,SHIPS_TO,WH_004,18,2,truck,1
PLANT_075,SHIPS_TO,WH_013,179,4,truck,0
PLANT_076,SHIPS_TO,WH_054,120,4,truck,0
PLANT_076,SHIPS_TO,WH_098,49,3,truck,1
PLANT_076,SHIPS_TO,WH_005,55,3,rail,1
PLANT_077,SHIPS_TO,WH_059,33,2,truck,1
PLANT_077,SHIPS_TO,WH_101,32,2,truck,0
PLANT_077,SHIPS_TO,WH_072,11,3,truck,1
PLANT_077,SHIPS_TO,WH_032,28,2,truck,1
PLANT_077,SHIPS_TO,WH_030,62,2,truck,0
PLANT_078,SHIPS_TO,WH_117,19,2,truck,1
PLANT_078,SHIPS_TO,WH_111,24,2,truck,1
PLANT_078,SHIPS_TO,WH_060,49,3,truck,0
PLANT_078,SHIPS_TO,WH_050,13,4,truck,1
PLANT_078,SHIPS_TO,WH_108,9,4,truck,1
PLANT_078,SHIPS_TO,WH_082,13,4,truck,0
PLANT_079,SHIPS_TO,WH_080,95,2,rail,0
PLANT_079,SHIPS_TO,WH_036,33,2,truck,1
PLANT_079,SHIPS_TO,WH_087,52,2,truck,1
PLANT_079,SHIPS_TO,WH_109,67,3,rail,0
PLANT_080,SHIPS_TO,WH_049,16,1,truck,1
PLANT_080,SHIPS_TO,WH_085,29,2,rail,1
PLANT_080,SHIPS_TO,WH_054,23,4,rail,1
PLANT_080,SHIPS_TO,WH_041,47,1,truck,1
PLANT_080,SHIPS_TO,WH_105,51,4,truck,1
PLANT_080,SHIPS_TO,WH_081,121,1,truck,0
PLANT_081,SHIPS_TO,WH_101,35,4,truck,1
PLANT_081,SHIPS_TO,WH_058,94,3,rail,0
PLANT_081,SHIPS_TO,WH_016,89,2,truck,0
PLANT_081,SHIPS_TO,WH_030,15,1,truck,1
PLANT_082,SHIPS_TO,WH_095,117,4,truck,1
PLANT_082,SHIPS_TO,WH_017,44,6,rail,1
PLANT_082,SHIPS_TO,WH_092,21,3,truck,1
PLANT_082,SHIPS_TO,WH_051,174,4,truck,0
PLANT_082,SHIPS_TO,WH_109,180,2,truck,0
PLANT_082,SHIPS_TO,WH_036,63,1,truck,1
PLANT_083,SHIPS_TO,WH_095,34,1,truck,1
PLANT_083,SHIPS_TO,WH_017,32,2,truck,1
PLANT_083,SHIPS_TO,WH_091,12,4,rail,1
PLANT_083,SHIPS_TO,WH_113,31,4,truck,1
PLANT_083,SHIPS_TO,WH_034,69,1,truck,0
PLANT_083,SHIPS_TO,WH_036,17,4,truck,1
PLANT_084,SHIPS_TO,WH_094,35,5,rail,1
PLANT_084,SHIPS_TO,WH_024,46,4,rail,1
PLANT_084,SHIPS_TO,WH_007,122,4,truck,0
PLANT_084,SHIPS_TO,WH_072,78,3,truck,1
PLANT_084,SHIPS_TO,WH_051,111,2,truck,0
PLANT_084,SHIPS_TO,WH_076,19,1,truck,1
PLANT_085,SHIPS_TO,WH_087,11,6,rail,1
PLANT_085,SHIPS_TO,WH_002,26,5,rail,1
PLANT_085,SHIPS_TO,WH_010,18,1,truck,0
PLANT_085,SHIPS_TO,WH_079,16,1,truck,1
PLANT_086,SHIPS_TO,WH_090,62,1,truck,0
PLANT_086,SHIPS_TO,WH_104,32,2,truck,1
PLANT_086,SHIPS_TO,WH_002,50,6,rail,1
PLANT_087,SHIPS_TO,WH_066,51,2,truck,0
PLANT_087,SHIPS_TO,WH_044,74,6,rail,1
PLANT_087,SHIPS_TO,WH_103,28,1,truck,1
PLANT_088,SHIPS_TO,WH_042,219,3,truck,0
PLANT_088,SHIPS_TO,WH_061,53,3,truck,1
PLANT_088,SHIPS_TO,WH_025,132,4,truck,0
PLANT_088,SHIPS_TO,WH_080,46,4,truck,1
PLANT_089,SHIPS_TO,WH_049,34,3,truck,1
PLANT_089,SHIPS_TO,WH_023,24,4,truck,1
PLANT_089,SHIPS_TO,WH_017,17,2,truck,1
PLANT_089,SHIPS_TO,WH_103,30,4,truck,1
PLANT_089,SHIPS_TO,WH_051,56,5,rail,0
PLANT_089,SHIPS_TO,WH_080,19,5,rail,1
PLANT_090,SHIPS_TO,WH_053,90,4,truck,1
PLANT_090,SHIPS_TO,WH_116,27,2,truck,1
PLANT_090,SHIPS_TO,WH_014,35,3,truck,1
PLANT_090,SHIPS_TO,WH_007,156,3,truck,0
PLANT_090,SHIPS_TO,WH_034,38,4,rail,1
PLANT_090,SHIPS_TO,WH_040,65,4,truck,1
WH_046,REPLENISHES,DC_040,247,1,truck,0
WH_007,REPLENISHES,DC_067,87,2,truck,0
WH_018,REPLENISHES,DC_044,144,2,truck,0
WH_063,REPLENISHES,DC_103,169,2,truck,0
WH_031,REPLENISHES,DC_098,137,1,truck,0
WH_080,REPLENISHES,DC_138,66,3,truck,0
WH_068,REPLENISHES,DC_039,279,1,truck,0
WH_089,REPLENISHES,DC_093,103,1,truck,0
WH_091,REPLENISHES,DC_139,130,2,truck,0
WH_009,REPLENISHES,DC_022,71,2,truck,0
WH_029,REPLENISHES,DC_147,82,3,truck,0
WH_008,REPLENISHES,DC_163,54,1,truck,0
WH_087,REPLENISHES,DC_137,164,2,truck,0
WH_017,REPLENISHES,DC_071,157,2,truck,0
WH_036,REPLENISHES,DC_153,215,2,truck,0
WH_034,REPLENISHES,DC_012,327,4,truck,0
WH_073,REPLENISHES,DC_168,104,1,truck,0
WH_056,REPLENISHES,DC_130,37,4,truck,0
WH_058,REPLENISHES,DC_128,59,1,truck,0
WH_016,REPLENISHES,DC_049,97,2,truck,0
WH_095,REPLENISHES,DC_158,130,1,truck,0
WH_010,REPLENISHES,DC_161,212,3,truck,0
WH_087,REPLENISHES,DC_100,145,2,truck,0
WH_014,REPLENISHES,DC_142,342,1,truck,0
WH_056,REPLENISHES,DC_118,109,3,truck,0
WH_063,REPLENISHES,DC_059,58,4,truck,0
WH_032,REPLENISHES,DC_131,185,3,truck,0
WH_048,REPLENISHES,DC_015,121,3,truck,0
WH_072,REPLENISHES,DC_057,214,3,truck,0
WH_111,REPLENISHES,DC_023,36,4,truck,0
WH_019,REPLENISHES,DC_119,158,1,truck,0
WH_010,REPLENISHES,DC_151,126,2,truck,0
WH_115,REPLENISHES,DC_043,460,3,truck,0
WH_028,REPLENISHES,DC_170,163,3,truck,0
WH_007,REPLENISHES,DC_007,95,2,truck,0
WH_037,REPLENISHES,DC_021,208,2,truck,0
WH_051,REPLENISHES,DC_112,81,1,truck,0
WH_036,REPLENISHES,DC_175,131,3,truck,0
WH_058,REPLENISHES,DC_090,144,3,truck,0
WH_091,REPLENISHES,DC_086,190,2,truck,0
WH_059,REPLENISHES,DC_150,414,3,truck,0
WH_082,REPLENISHES,DC_052,213,1,truck,0
WH_038,REPLENISHES,DC_121,192,1,truck,0
WH_038,REPLENISHES,DC_024,261,3,truck,0
WH_024,REPLENISHES,DC_006,26,2,truck,1
WH_055,REPLENISHES,DC_006,155,2,truck,0
WH_060,REPLENISHES,DC_027,188,4,truck,1
WH_004,REPLENISHES,DC_027,189,1,truck,0
WH_075,REPLENISHES,DC_048,202,4,truck,1
WH_049,REPLENISHES,DC_048,30,2,truck,0
WH_110,REPLENISHES,DC_162,82,1,truck,0
WH_005,REPLENISHES,DC_162,121,2,truck,1
WH_120,REPLENISHES,DC_092,99,4,truck,0
WH_052,REPLENISHES,DC_092,82,2,truck,1
WH_012,REPLENISHES,DC_002,126,4,truck,0
WH_058,REPLENISHES,DC_002,107,4,truck,1
WH_009,REPLENISHES,DC_077,55,3,truck,1
WH_008,REPLENISHES,DC_077,49,3,truck,0
WH_052,REPLENISHES,DC_010,300,4,truck,0
WH_047,REPLENISHES,DC_010,235,1,truck,1
WH_108,REPLENISHES,DC_014,111,1,truck,0
WH_112,REPLENISHES,DC_014,107,1,truck,1
WH_089,REPLENISHES,DC_143,121,3,truck,0
WH_085,REPLENISHES,DC_143,97,3,truck,1
WH_060,REPLENISHES,DC_020,179,2,truck,1
WH_048,REPLENISHES,DC_020,191,3,truck,0
WH_095,REPLENISHES,DC_169,139,3,truck,1
WH_036,REPLENISHES,DC_169,325,3,truck,0
WH_096,REPLENISHES,DC_055,237,4,truck,1
WH_102,REPLENISHES,DC_055,90,2,truck,0
WH_099,REPLENISHES,DC_053,89,3,truck,0
WH_046,REPLENISHES,DC_053,161,2,truck,1
WH_041,REPLENISHES,DC_045,193,4,truck,0
WH_091,REPLENISHES,DC_045,84,1,truck,1
WH_044,REPLENISHES,DC_174,191,3,truck,0
WH_052,REPLENISHES,DC_174,205,3,truck,1
WH_063,REPLENISHES,DC_108,86,2,truck,1
WH_040,REPLENISHES,DC_108,59,1,truck,0
WH_035,REPLENISHES,DC_051,354,1,truck,0
WH_103,REPLENISHES,DC_051,180,1,truck,1
WH_105,REPLENISHES,DC_141,126,4,truck,0
WH_075,REPLENISHES,DC_141,93,2,truck,1
WH_041,REPLENISHES,DC_165,93,1,truck,0
WH_017,REPLENISHES,DC_165,50,2,truck,1
WH_119,REPLENISHES,DC_065,169,4,truck,1
WH_043,REPLENISHES,DC_065,146,3,truck,0
WH_065,REPLENISHES,DC_070,121,4,truck,1
WH_002,REPLENISHES,DC_070,215,4,truck,0
WH_101,REPLENISHES,DC_155,71,1,truck,1
WH_012,REPLENISHES,DC_155,176,3,truck,0
WH_077,REPLENISHES,DC_038,114,3,truck,1
WH_027,REPLENISHES,DC_038,172,1,truck,0
WH_085,REPLENISHES,DC_173,63,3,truck,1
WH_043,REPLENISHES,DC_173,113,1,truck,0
WH_066,REPLENISHES,DC_120,59,1,truck,1
WH_050,REPLENISHES,DC_120,169,4,truck,0
WH_029,REPLENISHES,DC_026,144,2,truck,0
WH_088,REPLENISHES,DC_026,196,1,truck,1
WH_099,REPLENISHES,DC_069,66,3,truck,1
WH_030,REPLENISHES,DC_069,205,1,truck,0
WH_107,REPLENISHES,DC_166,179,4,truck,0
WH_027,REPLENISHES,DC_166,54,2,truck,1
WH_029,REPLENISHES,DC_099,77,1,truck,0
WH_088,REPLENISHES,DC_099,81,4,truck,1
WH_106,REPLENISHES,DC_109,73,3,truck,0
WH_074,REPLENISHES,DC_109,235,3,truck,1
WH_054,REPLENISHES,DC_140,22,1,truck,1
WH_085,REPLENISHES,DC_140,104,1,truck,0
WH_090,REPLENISHES,DC_089,223,3,truck,0
WH_070,REPLENISHES,DC_089,69,1,truck,1
WH_084,REPLENISHES,DC_132,50,1,truck,1
WH_089,REPLENISHES,DC_132,96,3,truck,0
WH_057,REPLENISHES,DC_062,71,1,truck,0
WH_116,REPLENISHES,DC_062,70,1,truck,1
WH_098,REPLENISHES,DC_046,113,3,truck,1
WH_085,REPLENISHES,DC_046,125,2,truck,0
WH_011,REPLENISHES,DC_102,60,2,truck,0
WH_027,REPLENISHES,DC_102,168,2,truck,1
WH_012,REPLENISHES,DC_001,143,1,truck,0
WH_046,REPLENISHES,DC_001,91,3,truck,1
WH_080,REPLENISHES,DC_082,211,4,truck,0
WH_036,REPLENISHES,DC_082,169,2,truck,1
WH_029,REPLENISHES,DC_029,137,4,truck,0
WH_047,REPLENISHES,DC_029,59,1,truck,1
WH_120,REPLENISHES,DC_114,242,4,truck,0
WH_035,REPLENISHES,DC_114,145,1,truck,1
WH_108,REPLENISHES,DC_111,135,3,truck,0
WH_102,REPLENISHES,DC_111,14,4,truck,1
WH_073,REPLENISHES,DC_008,87,3,truck,0
WH_005,REPLENISHES,DC_008,121,2,truck,1
WH_089,REPLENISHES,DC_047,43,2,truck,1
WH_097,REPLENISHES,DC_047,122,4,truck,0
WH_069,REPLENISHES,DC_104,84,4,truck,0
WH_040,REPLENISHES,DC_104,86,1,truck,1
WH_072,REPLENISHES,DC_036,161,3,truck,0
WH_079,REPLENISHES,DC_036,61,3,truck,1
WH_034,REPLENISHES,DC_025,288,3,truck,1
WH_094,REPLENISHES,DC_025,67,4,truck,0
WH_079,REPLENISHES,DC_106,68,4,truck,0
WH_040,REPLENISHES,DC_106,100,4,truck,1
WH_069,REPLENISHES,DC_058,232,3,truck,0
WH_072,REPLENISHES,DC_058,233,3,truck,1
WH_034,REPLENISHES,DC_009,160,2,truck,1
WH_021,REPLENISHES,DC_009,92,3,truck,0
WH_090,REPLENISHES,DC_035,150,3,truck,1
WH_068,REPLENISHES,DC_035,382,2,truck,0
WH_036,REPLENISHES,DC_094,276,3,truck,0
WH_051,REPLENISHES,DC_094,50,3,truck,1
WH_089,REPLENISHES,DC_078,118,3,truck,0
WH_049,REPLENISHES,DC_078,48,2,truck,1
WH_025,REPLENISHES,DC_135,76,3,truck,1
WH_048,REPLENISHES,DC_135,222,3,truck,0
WH_059,REPLENISHES,DC_113,104,2,truck,1
WH_099,REPLENISHES,DC_113,138,1,truck,0
WH_084,REPLENISHES,DC_068,121,1,truck,0
WH_089,REPLENISHES,DC_068,99,3,truck,1
WH_089,REPLENISHES,DC_011,31,4,truck,1
WH_097,REPLENISHES,DC_011,105,4,truck,0
WH_029,REPLENISHES,DC_159,58,4,truck,1
WH_110,REPLENISHES,DC_159,85,2,truck,0
WH_120,REPLENISHES,DC_154,113,3,truck,0
WH_016,REPLENISHES,DC_154,40,3,truck,1
WH_108,REPLENISHES,DC_019,54,1,truck,0
WH_081,REPLENISHES,DC_019,203,3,truck,1
WH_065,REPLENISHES,DC_097,154,2,truck,0
WH_090,REPLENISHES,DC_097,180,3,truck,1
WH_057,REPLENISHES,DC_129,261,3,truck,0
WH_033,REPLENISHES,DC_129,206,2,truck,1
WH_028,REPLENISHES,DC_013,91,2,truck,0
WH_104,REPLENISHES,DC_013,160,3,truck,1
WH_087,REPLENISHES,DC_066,76,2,truck,1
WH_021,REPLENISHES,DC_066,243,2,truck,0
WH_026,REPLENISHES,DC_167,153,2,truck,0
WH_045,REPLENISHES,DC_167,170,4,truck,1
WH_095,REPLENISHES,DC_003,76,2,truck,0
WH_091,REPLENISHES,DC_003,68,1,truck,1
WH_105,REPLENISHES,DC_164,45,4,truck,1
WH_049,REPLENISHES,DC_164,92,2,truck,0
WH_055,REPLENISHES,DC_149,22,3,truck,1
WH_040,REPLENISHES,DC_149,134,4,truck,0
WH_071,REPLENISHES,DC_063,195,1,truck,0
WH_047,REPLENISHES,DC_063,72,4,truck,1
WH_032,REPLENISHES,DC_152,119,4,truck,1
WH_046,REPLENISHES,DC_152,137,2,truck,0
WH_012,REPLENISHES,DC_116,130,1,truck,0
WH_059,REPLENISHES,DC_116,153,1,truck,1
WH_073,REPLENISHES,DC_105,103,4,truck,1
WH_005,REPLENISHES,DC_105,154,1,truck,0
WH_034,REPLENISHES,DC_031,218,3,truck,1
WH_021,REPLENISHES,DC_031,87,2,truck,0
WH_109,REPLENISHES,DC_157,225,1,truck,0
WH_115,REPLENISHES,DC_157,72,3,truck,1
WH_014,REPLENISHES,DC_076,147,1,truck,0
WH_076,REPLENISHES,DC_076,168,3,truck,1
WH_084,REPLENISHES,DC_172,182,2,truck,0
WH_075,REPLENISHES,DC_172,98,2,truck,1
WH_026,REPLENISHES,DC_030,133,3,truck,0
WH_012,REPLENISHES,DC_030,121,4,truck,1
WH_026,REPLENISHES,DC_117,86,1,truck,0
WH_032,REPLENISHES,DC_117,182,2,truck,1
WH_063,REPLENISHES,DC_074,44,2,truck,1
WH_079,REPLENISHES,DC_074,119,2,truck,0
WH_039,REPLENISHES,DC_134,135,1,truck,1
WH_068,REPLENISHES,DC_134,144,4,truck,0
WH_038,REPLENISHES,DC_101,109,2,truck,0
WH_085,REPLENISHES,DC_101,72,3,truck,1
WH_067,REPLENISHES,DC_042,130,1,truck,0
WH_031,REPLENISHES,DC_042,88,2,truck,1
WH_015,REPLENISHES,DC_124,157,1,truck,0
WH_077,REPLENISHES,DC_124,77,4,truck,1
WH_106,REPLENISHES,DC_146,118,3,truck,1
WH_118,REPLENISHES,DC_146,375,4,truck,0
WH_062,REPLENISHES,DC_050,67,4,truck,0
WH_086,REPLENISHES,DC_050,51,1,truck,1
WH_087,REPLENISHES,DC_085,120,1,truck,1
WH_034,REPLENISHES,DC_085,178,4,truck,0
WH_012,REPLENISHES,DC_148,104,2,truck,1
WH_046,REPLENISHES,DC_148,153,2,truck,0
WH_035,REPLENISHES,DC_072,93,2,truck,1
WH_056,REPLENISHES,DC_072,68,4,truck,0
WH_055,REPLENISHES,DC_144,92,3,truck,1
WH_040,REPLENISHES,DC_144,149,4,truck,0
WH_031,REPLENISHES,DC_081,85,3,truck,0
WH_022,REPLENISHES,DC_081,123,3,truck,1
WH_091,REPLENISHES,DC_060,116,3,truck,1
WH_023,REPLENISHES,DC_060,273,1,truck,0
WH_095,REPLENISHES,DC_084,75,3,truck,1
WH_023,REPLENISHES,DC_084,60,2,truck,0
WH_022,REPLENISHES,DC_054,44,1,truck,1
WH_013,REPLENISHES,DC_054,36,3,truck,0
WH_073,REPLENISHES,DC_064,70,3,truck,1
WH_066,REPLENISHES,DC_064,163,1,truck,0
WH_100,REPLENISHES,DC_160,72,4,truck,1
WH_027,REPLENISHES,DC_160,342,1,truck,0
WH_084,REPLENISHES,DC_145,187,4,truck,1
WH_049,REPLENISHES,DC_145,32,2,truck,0
WH_009,REPLENISHES,DC_115,25,4,truck,1
WH_080,REPLENISHES,DC_115,241,1,truck,0
WH_081,REPLENISHES,DC_115,154,2,truck,0
WH_105,REPLENISHES,DC_005,283,3,truck,0
WH_084,REPLENISHES,DC_005,69,2,truck,0
WH_054,REPLENISHES,DC_005,24,1,truck,1
WH_107,REPLENISHES,DC_017,120,4,truck,0
WH_015,REPLENISHES,DC_017,310,4,truck,0
WH_030,REPLENISHES,DC_017,280,3,truck,1
WH_075,REPLENISHES,DC_122,121,3,truck,1
WH_052,REPLENISHES,DC_122,299,3,truck,0
WH_110,REPLENISHES,DC_122,108,2,truck,0
WH_064,REPLENISHES,DC_095,219,3,truck,1
WH_007,REPLENISHES,DC_095,35,4,truck,0
WH_040,REPLENISHES,DC_095,129,3,truck,0
WH_108,REPLENISHES,DC_033,233,2,truck,0
WH_023,REPLENISHES,DC_033,90,2,truck,1
WH_051,REPLENISHES,DC_033,165,1,truck,0
WH_089,REPLENISHES,DC_096,64,4,truck,1
WH_078,REPLENISHES,DC_096,114,2,truck,0
WH_053,REPLENISHES,DC_096,238,4,truck,0
WH_098,REPLENISHES,DC_088,129,4,truck,0
WH_102,REPLENISHES,DC_088,32,4,truck,0
WH_043,REPLENISHES,DC_088,118,4,truck,1
WH_040,REPLENISHES,DC_073,145,4,truck,0
WH_078,REPLENISHES,DC_073,232,4,truck,0
WH_043,REPLENISHES,DC_073,62,4,truck,1
WH_057,REPLENISHES,DC_136,284,4,truck,0
WH_039,REPLENISHES,DC_136,78,1,truck,0
WH_045,REPLENISHES,DC_136,76,1,truck,1
WH_009,REPLENISHES,DC_034,29,2,truck,0
WH_007,REPLENISHES,DC_034,144,3,truck,0
WH_020,REPLENISHES,DC_034,114,3,truck,1
WH_105,REPLENISHES,DC_032,95,1,truck,0
WH_087,REPLENISHES,DC_032,67,3,truck,1
WH_078,REPLENISHES,DC_032,343,1,truck,0
WH_108,REPLENISHES,DC_110,222,4,truck,0
WH_101,REPLENISHES,DC_110,38,4,truck,1
WH_012,REPLENISHES,DC_110,200,1,truck,0
WH_009,REPLENISHES,DC_080,65,2,truck,1
WH_036,REPLENISHES,DC_080,214,1,truck,0
WH_051,REPLENISHES,DC_080,163,2,truck,0
WH_073,REPLENISHES,DC_087,145,4,truck,0
WH_112,REPLENISHES,DC_087,238,3,truck,0
WH_016,REPLENISHES,DC_087,78,3,truck,1
WH_108,REPLENISHES,DC_041,95,3,truck,0
WH_106,REPLENISHES,DC_041,68,4,truck,0
WH_104,REPLENISHES,DC_041,41,2,truck,1
WH_014,REPLENISHES,DC_079,285,2,truck,0
WH_026,REPLENISHES,DC_079,170,3,truck,0
WH_030,REPLENISHES,DC_079,242,3,truck,1
WH_108,REPLENISHES,DC_004,164,2,truck,1
WH_016,REPLENISHES,DC_004,82,3,truck,0
WH_118,REPLENISHES,DC_004,223,2,truck,0
WH_003,REPLENISHES,DC_126,86,2,truck,1
WH_109,REPLENISHES,DC_126,189,4,truck,0
WH_114,REPLENISHES,DC_126,149,3,truck,0
WH_080,REPLENISHES,DC_107,225,1,truck,0
WH_091,REPLENISHES,DC_107,196,2,truck,0
WH_086,REPLENISHES,DC_107,43,4,truck,1
WH_006,REPLENISHES,DC_056,225,4,truck,0
WH_030,REPLENISHES,DC_056,248,2,truck,1
WH_046,REPLENISHES,DC_056,192,1,truck,0
WH_105,REPLENISHES,DC_127,37,3,truck,1
WH_034,REPLENISHES,DC_127,150,2,truck,0
WH_076,REPLENISHES,DC_127,377,3,truck,0
WH_064,REPLENISHES,DC_133,417,4,truck,0
WH_069,REPLENISHES,DC_133,186,1,truck,0
WH_116,REPLENISHES,DC_133,70,3,truck,1
WH_093,REPLENISHES,DC_061,70,1,truck,0
WH_044,REPLENISHES,DC_061,304,4,truck,0
WH_008,REPLENISHES,DC_061,158,2,truck,1
WH_100,REPLENISHES,DC_037,127,2,truck,0
WH_057,REPLENISHES,DC_037,166,3,truck,0
WH_034,REPLENISHES,DC_037,130,1,truck,1
WH_067,REPLENISHES,DC_075,163,1,truck,0
WH_052,REPLENISHES,DC_075,222,3,truck,0
WH_031,REPLENISHES,DC_075,27,4,truck,1
WH_066,REPLENISHES,DC_156,160,3,truck,0
WH_016,REPLENISHES,DC_156,147,2,truck,1
WH_056,REPLENISHES,DC_156,58,3,truck,0
WH_028,REPLENISHES,DC_123,239,3,truck,0
WH_001,REPLENISHES,DC_123,52,4,truck,0
WH_090,REPLENISHES,DC_123,214,2,truck,1
WH_088,REPLENISHES,DC_083,170,2,truck,1
WH_036,REPLENISHES,DC_083,175,2,truck,0
WH_051,REPLENISHES,DC_083,97,3,truck,0
WH_109,REPLENISHES,DC_018,205,2,truck,0
WH_082,REPLENISHES,DC_018,154,1,truck,1
WH_115,REPLENISHES,DC_018,516,3,truck,0
WH_029,REPLENISHES,DC_028,125,1,truck,0
WH_103,REPLENISHES,DC_028,322,3,truck,0
WH_045,REPLENISHES,DC_028,190,3,truck,1
WH_072,REPLENISHES,DC_091,380,1,truck,0
WH_032,REPLENISHES,DC_091,125,2,truck,0
WH_058,REPLENISHES,DC_091,112,2,truck,1
WH_110,REPLENISHES,DC_016,83,1,truck,1
WH_047,REPLENISHES,DC_016,98,4,truck,0
WH_098,REPLENISHES,DC_016,91,4,truck,0
WH_054,REPLENISHES,DC_171,122,2,truck,0
WH_097,REPLENISHES,DC_171,96,4,truck,0
WH_083,REPLENISHES,DC_171,55,4,truck,1
WH_041,REPLENISHES,DC_125,140,1,truck,0
WH_005,REPLENISHES,DC_125,278,1,truck,0
WH_017,REPLENISHES,DC_125,87,3,truck,1
